Roll No,Rank,Original_Category,Original_Category_Normalized,Assigned,Assigned_Post,Assigned_Category,Assigned_SubCategory,Assigned_Against
1101713,1,"BC,NG,RG","OBC,NG,RG",True,POST-1,UR,GE,UR
1100141,2,"GE,WE,NG,RG","GE,WE,NG,RG",True,POST-1,UR,GE,UR
1100217,3,"BC,RG","OBC,RG",True,POST-1,UR,GE,UR
1107777,4,GE,GE,True,POST-1,UR,GE,UR
1100722,5,"BC,RG","OBC,RG",True,POST-1,UR,GE,UR
1103935,6,"BC,WE,RG","OBC,WE,RG",True,POST-1,UR,GE,UR
1100038,7,"BC,NG,RG","OBC,NG,RG",True,POST-1,UR,GE,UR
1104648,8,BC,OBC,True,POST-1,UR,GE,UR
1102391,9,"BC,NG,RG","OBC,NG,RG",True,POST-1,UR,GE,UR
1107457,10,"BC,ME","OBC,ME",True,POST-1,UR,GE,UR
1100429,11,BC,OBC,True,POST-1,UR,GE,UR
1100039,12,BC,OBC,True,POST-1,UR,GE,UR
1101397,13,BC,OBC,True,POST-1,UR,GE,UR
1101607,14,BC,OBC,True,POST-1,UR,GE,UR
1100597,15,"SC,WE","SC,WE",True,POST-1,UR,GE,UR
1101109,16,"BC,WE","OBC,WE",True,POST-1,UR,GE,UR
1111864,17,GE,GE,True,POST-1,UR,GE,UR
1101563,18,"SC,RG","SC,RG",True,POST-1,UR,GE,UR
1109545,19,BC,OBC,True,POST-1,UR,GE,UR
1100015,20,EWS,EWS,True,POST-1,UR,GE,UR
1101261,21,"EWS,WE","EWS,WE",True,POST-1,UR,GE,UR
1100626,22,"BC,NG,RG","OBC,NG,RG",True,POST-1,UR,GE,UR
1104107,23,BC,OBC,True,POST-1,UR,GE,UR
1102569,24,"EWS,WE","EWS,WE",True,POST-1,UR,GE,UR
1110123,25,"BC,WE","OBC,WE",True,POST-1,UR,GE,UR
1120480,25,"GE,RG,TSP-UR","GE,RG,TSP-UR",True,POST-2,UR,GE,UR
1100779,26,"GE,WE","GE,WE",True,POST-1,UR,"GE, WE",UR
1106852,27,"BC,WE","OBC,WE",True,POST-1,UR,"GE, WE",UR
1102029,28,"GE,WE","GE,WE",True,POST-1,UR,"GE, WE",UR
1102054,29,"BC,WE","OBC,WE",True,POST-1,UR,"GE, WE",UR
1103089,30,BC,OBC,True,POST-1,OBC,GE,Vertical
1117539,31,BC,OBC,True,POST-1,OBC,GE,Vertical
1112633,32,EWS,EWS,True,POST-1,EWS,GE,Vertical
1100032,33,"BC,WE","OBC,WE",True,POST-1,UR,"GE, WE",UR
1102420,34,"GE,WE","GE,WE",True,POST-1,UR,"GE, WE",UR
1106226,35,ST,ST,True,POST-1,ST,GE,Vertical
1100388,36,BC,OBC,True,POST-1,OBC,GE,Vertical
1107278,37,ST,ST,True,POST-1,ST,GE,Vertical
1100871,38,BC,OBC,True,POST-1,OBC,GE,Vertical
1100369,39,"MB,NG,RG","MBC,NG,RG",True,POST-1,MBC,GE,Vertical
1108010,40,"BC,WE","OBC,WE",True,POST-1,UR,"GE, WE",UR
1117118,41,BC,OBC,True,POST-1,OBC,GE,Vertical
1106010,42,"BC,WE,RG","OBC,WE,RG",True,POST-1,UR,"GE, WE",UR
1100400,43,BC,OBC,True,POST-1,OBC,GE,Vertical
1100033,44,BC,OBC,True,POST-1,OBC,GE,Vertical
1100227,45,"BC,WE","OBC,WE",True,POST-1,OBC,GE,Vertical
1101885,46,BC,OBC,True,POST-1,OBC,GE,Vertical
1100012,47,"BC,ME,RG","OBC,ME,RG",True,POST-1,OBC,GE,Vertical
1101176,48,"GE,WE","GE,WE",True,POST-2,UR,GE,UR
1103196,49,MB,MBC,True,POST-1,MBC,GE,Vertical
1117610,50,"BC,NG,RG","OBC,NG,RG",True,POST-1,OBC,GE,Vertical
1105724,51,BC,OBC,True,POST-1,OBC,GE,Vertical
1102387,52,"BC,WE","OBC,WE",True,POST-1,OBC,"GE, WE",Vertical
1110067,53,"GE,WE","GE,WE",True,POST-2,UR,GE,UR
1100298,54,"BC,RG","OBC,RG",True,POST-2,UR,GE,UR
1101358,55,"BC,EX","OBC,EX",True,POST-1,UR,EX,UR
1101662,56,"GE,WE","GE,WE",True,POST-2,UR,GE,UR
1117787,57,"BC,RG","OBC,RG",True,POST-2,UR,GE,UR
1105120,58,BC,OBC,True,POST-2,UR,GE,UR
1118216,59,BC,OBC,True,POST-2,UR,GE,UR
1100668,60,BC,OBC,True,POST-2,UR,GE,UR
1103790,61,"ST,WE","ST,WE",True,POST-1,ST,GE,Vertical
1106278,62,GE,GE,True,POST-2,UR,GE,UR
1103747,63,"BC,RG","OBC,RG",True,POST-2,UR,GE,UR
1102572,64,"EWS,WE,RG","EWS,WE,RG",True,POST-1,EWS,GE,Vertical
1106334,65,EWS,EWS,True,POST-1,EWS,GE,Vertical
1117594,66,GE,GE,True,POST-2,UR,GE,UR
1115534,67,"BC,NG,RG","OBC,NG,RG",True,POST-2,UR,GE,UR
1103301,68,"BC,NG,RG","OBC,NG,RG",True,POST-2,UR,GE,UR
1103906,69,EWS,EWS,True,POST-1,EWS,GE,Vertical
1100433,70,"BC,WE","OBC,WE",True,POST-1,OBC,"GE, WE",Vertical
1100941,71,BC,OBC,True,POST-2,UR,GE,UR
1100243,72,"GE,ME,NG,RG","GE,ME,NG,RG",True,POST-2,UR,GE,UR
1105047,73,BC,OBC,True,POST-2,OBC,GE,Vertical
1100866,74,GE,GE,True,POST-3,UR,GE,UR
1115631,75,GE,GE,True,POST-3,UR,GE,UR
1100267,76,"GE,WE","GE,WE",True,POST-2,UR,"GE, WE",UR
1100189,77,BC,OBC,True,POST-2,OBC,GE,Vertical
1100547,78,EWS,EWS,True,POST-1,EWS,GE,Vertical
1103677,79,"EWS,RG","EWS,RG",True,POST-2,EWS,GE,Vertical
1101406,80,BC,OBC,True,POST-2,OBC,GE,Vertical
1103070,81,GE,GE,True,POST-3,UR,GE,UR
1105679,82,"ST,WE","ST,WE",True,POST-1,ST,GE,Vertical
1102512,83,"BC,WE","OBC,WE",True,POST-1,OBC,"GE, WE",Vertical
1101826,84,BC,OBC,True,POST-2,OBC,GE,Vertical
1112340,85,BC,OBC,True,POST-2,OBC,GE,Vertical
1104625,86,GE,GE,True,POST-3,UR,GE,UR
1102112,87,GE,GE,True,POST-3,UR,GE,UR
1113450,88,"GE,WE,DV","GE,WE,DV",True,POST-2,UR,"GE, WE",UR
1100051,89,"BC,WE,DV","OBC,WE,DV",True,POST-2,UR,"GE, WE",UR
1112267,90,GE,GE,True,POST-3,UR,GE,UR
1107802,91,"BC,RG","OBC,RG",True,POST-2,OBC,GE,Vertical
1102087,92,BC,OBC,True,POST-2,OBC,GE,Vertical
1106409,93,BC,OBC,True,POST-3,UR,GE,UR
1113852,94,BC,OBC,True,POST-3,UR,GE,UR
1100293,95,BC,OBC,True,POST-3,UR,GE,UR
1104109,96,"GE,WE","GE,WE",True,POST-2,UR,"GE, WE",UR
1108239,97,BC,OBC,True,POST-3,UR,GE,UR
1102461,98,BC,OBC,True,POST-3,UR,GE,UR
1118706,99,"ST,RG","ST,RG",True,POST-1,ST,GE,Vertical
1110928,100,"GE,WE","GE,WE",True,POST-3,UR,GE,UR
1100975,101,BC,OBC,True,POST-3,UR,GE,UR
1100252,102,BC,OBC,True,POST-3,UR,GE,UR
1103222,103,"BC,WE","OBC,WE",True,POST-2,OBC,"GE, WE",Vertical
1117512,104,BC,OBC,True,POST-3,UR,GE,UR
1115098,105,"GE,WE","GE,WE",True,POST-3,UR,GE,UR
1100403,106,"BC,NG,RG","OBC,NG,RG",True,POST-3,UR,GE,UR
1101235,107,GE,GE,True,POST-3,UR,GE,UR
1102172,108,"GE,WE,RG","GE,WE,RG",True,POST-3,UR,GE,UR
1116905,109,BC,OBC,True,POST-3,UR,GE,UR
1101702,110,MB,MBC,True,POST-2,MBC,GE,Vertical
1116413,111,EWS,EWS,True,POST-2,EWS,GE,Vertical
1104792,112,BC,OBC,True,POST-3,UR,GE,UR
1111982,113,"GE,WE","GE,WE",True,POST-3,UR,GE,UR
1100784,114,BC,OBC,True,POST-3,UR,GE,UR
1117229,115,GE,GE,True,POST-3,UR,GE,UR
1105293,116,BC,OBC,True,POST-3,UR,GE,UR
1112274,117,"BC,ME,RG","OBC,ME,RG",True,POST-3,UR,GE,UR
1110888,118,BC,OBC,True,POST-3,UR,GE,UR
1103220,119,"GE,WE","GE,WE",True,POST-3,UR,GE,UR
1105424,120,BC,OBC,True,POST-3,UR,GE,UR
1100789,121,"BC,WE","OBC,WE",True,POST-2,OBC,"GE, WE",Vertical
1103096,122,"GE,WE,RG","GE,WE,RG",True,POST-3,UR,GE,UR
1115807,123,"EWS,RG","EWS,RG",True,POST-2,EWS,GE,Vertical
1107732,124,"GE,WE,SP","GE,WE,SP",True,POST-3,UR,GE,UR
1104628,125,"GE,WE,NG,RG","GE,WE,NG,RG",True,POST-3,UR,GE,UR
1101141,126,"MB,ME,RG","MBC,ME,RG",True,POST-2,MBC,GE,Vertical
1110753,127,"BC,WE,RG","OBC,WE,RG",True,POST-3,UR,GE,UR
1105376,128,GE,GE,True,POST-4,UR,GE,UR
1104862,129,BC,OBC,True,POST-3,OBC,GE,Vertical
1107743,130,"BC,WE","OBC,WE",True,POST-3,UR,"GE, WE",UR
1100656,131,BC,OBC,True,POST-3,OBC,GE,Vertical
1100359,132,"BC,WE,NG,RG","OBC,WE,NG,RG",True,POST-3,UR,"GE, WE",UR
1106184,133,ST,ST,True,POST-1,ST,GE,Vertical
1100777,134,"EWS,WE,ME,RG","EWS,WE,ME,RG",True,POST-1,EWS,"GE, WE",Vertical
1108561,135,EWS,EWS,True,POST-2,EWS,GE,Vertical
1106615,136,BC,OBC,True,POST-3,OBC,GE,Vertical
1103984,137,"GE,NG,RG","GE,NG,RG",True,POST-4,UR,GE,UR
1108002,138,"BC,WE","OBC,WE",True,POST-3,UR,"GE, WE",UR
1103283,139,BC,OBC,True,POST-3,OBC,GE,Vertical
1106871,140,"EWS,NG,RG","EWS,NG,RG",True,POST-2,EWS,GE,Vertical
1101234,141,BC,OBC,True,POST-3,OBC,GE,Vertical
1111142,142,"SC,WE,RG","SC,WE,RG",True,POST-1,SC,GE,Vertical
1109214,143,SC,SC,True,POST-1,SC,GE,Vertical
1107473,144,"BC,WE","OBC,WE",True,POST-3,UR,"GE, WE",UR
1111584,145,"GE,WE,RG","GE,WE,RG",True,POST-3,UR,"GE, WE",UR
1117591,146,GE,GE,True,POST-4,UR,GE,UR
1107543,147,BC,OBC,True,POST-3,OBC,GE,Vertical
1110094,148,"BC,ME,RG","OBC,ME,RG",True,POST-3,OBC,GE,Vertical
1104262,149,"GE,WE","GE,WE",True,POST-3,UR,"GE, WE",UR
1113384,150,GE,GE,True,POST-4,UR,GE,UR
1100612,151,GE,GE,True,POST-4,UR,GE,UR
1104219,152,GE,GE,True,POST-4,UR,GE,UR
1104188,153,EWS,EWS,True,POST-3,EWS,GE,Vertical
1109257,154,"GE,WE","GE,WE",True,POST-3,UR,"GE, WE",UR
1107166,155,EWS,EWS,True,POST-3,EWS,GE,Vertical
1108618,156,GE,GE,True,POST-4,UR,GE,UR
1100998,157,"GE,WE,NG,RG","GE,WE,NG,RG",True,POST-3,UR,"GE, WE",UR
1100609,158,"BC,WE","OBC,WE",True,POST-3,UR,"GE, WE",UR
1108674,159,BC,OBC,True,POST-3,OBC,GE,Vertical
1107421,160,"MB,WE","MBC,WE",True,POST-1,MBC,"GE, WE",Vertical
1100404,161,"BC,NG,RG","OBC,NG,RG",True,POST-3,OBC,GE,Vertical
1105054,162,"BC,RG","OBC,RG",True,POST-3,OBC,GE,Vertical
1107058,163,"GE,RG","GE,RG",True,POST-4,UR,GE,UR
1111594,164,"BC,RG","OBC,RG",True,POST-3,OBC,GE,Vertical
1117295,165,BC,OBC,True,POST-3,OBC,GE,Vertical
1104877,166,"BC,WE","OBC,WE",True,POST-3,UR,"GE, WE",UR
1100864,167,"BC,ME,NG,RG","OBC,ME,NG,RG",True,POST-3,OBC,GE,Vertical
1105864,168,"MB,RG","MBC,RG",True,POST-3,MBC,GE,Vertical
1107753,169,"BC,RG","OBC,RG",True,POST-3,OBC,GE,Vertical
1114751,170,BC,OBC,True,POST-3,OBC,GE,Vertical
1112965,171,"BC,WE","OBC,WE",True,POST-3,OBC,GE,Vertical
1100536,172,"BC,RG","OBC,RG",True,POST-3,OBC,GE,Vertical
1107658,173,BC,OBC,True,POST-3,OBC,GE,Vertical
1100024,174,BC,OBC,True,POST-3,OBC,GE,Vertical
1101997,175,BC,OBC,True,POST-4,UR,GE,UR
1115372,176,GE,GE,True,POST-4,UR,GE,UR
1106045,177,"GE,WE,RG","GE,WE,RG",True,POST-4,UR,GE,UR
1101976,178,"BC,NG,RG","OBC,NG,RG",True,POST-4,UR,GE,UR
1113074,179,"BC,WE","OBC,WE",True,POST-3,OBC,"GE, WE",Vertical
1113272,180,"EWS,RG","EWS,RG",True,POST-3,EWS,GE,Vertical
1100984,181,"BC,NG,RG","OBC,NG,RG",True,POST-4,UR,GE,UR
1103894,182,"BC,RG","OBC,RG",True,POST-4,UR,GE,UR
1101753,183,BC,OBC,True,POST-4,OBC,GE,Vertical
1100803,184,"BC,EX","OBC,EX",True,POST-3,UR,EX,UR
1104565,185,"BC,RG","OBC,RG",True,POST-4,OBC,GE,Vertical
1106931,186,"BC,RG","OBC,RG",True,POST-4,OBC,GE,Vertical
1106515,187,BC,OBC,True,POST-4,OBC,GE,Vertical
1112961,188,"GE,WE,RG","GE,WE,RG",True,POST-4,UR,"GE, WE",UR
1103608,189,BC,OBC,True,POST-4,OBC,GE,Vertical
1103842,190,"EWS,NG,RG","EWS,NG,RG",True,POST-3,EWS,GE,Vertical
1119942,191,"BC,WE","OBC,WE",True,POST-3,OBC,"GE, WE",Vertical
1103541,192,"GE,WE","GE,WE",True,POST-4,UR,"GE, WE",UR
1108046,193,"BC,WE","OBC,WE",True,POST-3,OBC,"GE, WE",Vertical
1116728,194,BC,OBC,True,POST-4,OBC,GE,Vertical
1102320,195,"BC,WE,NG,RG","OBC,WE,NG,RG",True,POST-3,OBC,"GE, WE",Vertical
1105425,196,BC,OBC,True,POST-4,OBC,GE,Vertical
1109220,197,GE,GE,True,POST-5,UR,GE,UR
1102178,198,EWS,EWS,True,POST-3,EWS,GE,Vertical
1117361,199,"BC,RG","OBC,RG",True,POST-4,OBC,GE,Vertical
1116748,200,"BC,WE","OBC,WE",True,POST-3,OBC,"GE, WE",Vertical
1107963,201,BC,OBC,True,POST-6,UR,GE,UR
1100135,202,GE,GE,True,POST-6,UR,GE,UR
1112324,203,MB,MBC,True,POST-3,MBC,GE,Vertical
1105188,204,"BC,WE","OBC,WE",True,POST-4,UR,"GE, WE",UR
1102340,205,"SC,WE","SC,WE",True,POST-1,SC,GE,Vertical
1113514,206,"BC,WE","OBC,WE",True,POST-4,UR,"GE, WE",UR
1117716,207,"BC,RG","OBC,RG",True,POST-6,UR,GE,UR
1106040,208,"BC,NG,RG","OBC,NG,RG",True,POST-6,OBC,GE,Vertical
1117093,209,BC,OBC,True,POST-7,UR,GE,UR
1101078,210,GE,GE,True,POST-7,UR,GE,UR
1109846,211,ST,ST,True,POST-2,ST,GE,Vertical
1103913,212,MB,MBC,True,POST-3,MBC,GE,Vertical
1109229,213,"ST,RG","ST,RG",True,POST-2,ST,GE,Vertical
1102065,214,BC,OBC,True,POST-7,OBC,GE,Vertical
1110517,215,"BC,RG","OBC,RG",True,POST-7,OBC,GE,Vertical
1100680,216,BC,OBC,True,POST-7,OBC,GE,Vertical
1107022,217,"BC,WE","OBC,WE",True,POST-4,UR,"GE, WE",UR
1112774,218,"BC,WE","OBC,WE",True,POST-4,OBC,"GE, WE",Vertical
1106372,219,BC,OBC,True,POST-8,UR,GE,UR
1109768,220,"GE,WE","GE,WE",True,POST-6,UR,"GE, WE",UR
1105453,221,BC,OBC,True,POST-8,UR,GE,UR
1109532,222,"GE,WE","GE,WE",True,POST-7,UR,"GE, WE",UR
1103804,223,"GE,WE,RG","GE,WE,RG",True,POST-8,UR,GE,UR
1101604,224,GE,GE,True,POST-9,UR,GE,UR
1109193,225,"BC,DC,ME","OBC,DC,ME",True,POST-8,OBC,GE,Vertical
1109180,226,EWS,EWS,True,POST-3,EWS,GE,Vertical
1107553,227,BC,OBC,True,POST-8,OBC,GE,Vertical
1101935,228,"SC,WE","SC,WE",True,POST-1,SC,GE,Vertical
1101486,229,"BC,WE","OBC,WE",True,POST-4,OBC,"GE, WE",Vertical
1104463,230,BC,OBC,True,POST-8,OBC,GE,Vertical
1101471,231,"BC,NG","OBC,NG",True,POST-9,UR,GE,UR
1109251,232,SC,SC,True,POST-1,SC,GE,Vertical
1104643,233,"BC,WE","OBC,WE",True,POST-6,OBC,"GE, WE",Vertical
1107453,234,GE,GE,True,POST-9,UR,GE,UR
1101007,235,GE,GE,True,POST-9,UR,GE,UR
1116133,236,BC,OBC,True,POST-9,UR,GE,UR
1103653,237,ST,ST,True,POST-2,ST,GE,Vertical
1100882,238,BC,OBC,True,POST-9,UR,GE,UR
1102556,239,GE,GE,True,POST-9,UR,GE,UR
1113326,240,"BC,WE,RG","OBC,WE,RG",True,POST-8,UR,"GE, WE",UR
1112912,241,"EWS,WE,RG","EWS,WE,RG",True,POST-3,EWS,GE,Vertical
1100833,242,"BC,WE,ME,RG","OBC,WE,ME,RG",True,POST-8,OBC,"GE, WE",Vertical
1118062,243,EWS,EWS,True,POST-3,EWS,GE,Vertical
1108145,244,"GE,EX","GE,EX",True,POST-3,UR,EX,UR
1106657,245,"BC,WE,ME","OBC,WE,ME",True,POST-9,UR,GE,UR
1114685,246,BC,OBC,True,POST-9,UR,GE,UR
1103485,247,BC,OBC,True,POST-9,UR,GE,UR
1101732,248,BC,OBC,True,POST-9,UR,GE,UR
1107197,249,"EWS,WE,NG,RG","EWS,WE,NG,RG",True,POST-3,EWS,GE,Vertical
1108271,250,"BC,WE,RG","OBC,WE,RG",True,POST-9,UR,GE,UR
1117860,251,"BC,TSP-UR","OBC,TSP-UR",True,POST-9,UR,GE,UR
1107652,252,"BC,WE","OBC,WE",True,POST-9,UR,GE,UR
1116666,253,"GE,WE","GE,WE",True,POST-9,UR,GE,UR
1102246,254,"BC,NG,RG","OBC,NG,RG",True,POST-9,OBC,GE,Vertical
1101121,255,SC,SC,True,POST-1,SC,GE,Vertical
1116176,256,BC,OBC,True,POST-9,OBC,GE,Vertical
1106423,257,ST,ST,True,POST-2,ST,GE,Vertical
1116689,258,BC,OBC,True,POST-9,OBC,GE,Vertical
1110697,259,"BC,WE","OBC,WE",True,POST-9,UR,"GE, WE",UR
1119523,260,GE,GE,True,POST-10,UR,GE,UR
1106420,261,"EWS,WE","EWS,WE",True,POST-3,EWS,"GE, WE",Vertical
1103950,262,"GE,WE","GE,WE",True,POST-9,UR,"GE, WE",UR
1100712,263,GE,GE,True,POST-11,UR,GE,UR
1108256,264,BC,OBC,True,POST-9,OBC,GE,Vertical
1110861,265,"BC,WE","OBC,WE",True,POST-9,UR,"GE, WE",UR
1108748,266,"GE,RG","GE,RG",True,POST-12,UR,GE,UR
1117212,267,"BC,WE,NG,RG,TSP-UR","OBC,WE,NG,RG,TSP-UR",True,POST-9,UR,"GE, WE",UR
1100625,268,"BC,RG","OBC,RG",True,POST-9,OBC,GE,Vertical
1101870,269,"BC,WE,RG","OBC,WE,RG",True,POST-9,UR,"GE, WE",UR
1100510,270,GE,GE,True,POST-12,UR,GE,UR
1119922,271,"BC,WE,RG","OBC,WE,RG",True,POST-9,OBC,GE,Vertical
1105961,272,"GE,WE,RG","GE,WE,RG",True,POST-12,UR,GE,UR
1103062,273,"GE,WE","GE,WE",True,POST-12,UR,GE,UR
1111150,274,"BC,RG","OBC,RG",True,POST-9,OBC,GE,Vertical
1114932,275,EWS,EWS,True,POST-4,EWS,GE,Vertical
1103297,276,GE,GE,True,POST-12,UR,GE,UR
1111368,277,"BC,NG,RG","OBC,NG,RG",True,POST-9,OBC,GE,Vertical
1114889,278,"BC,ME,RG","OBC,ME,RG",True,POST-11,OBC,GE,Vertical
1110764,279,"GE,NG,RG","GE,NG,RG",True,POST-12,UR,GE,UR
1120041,280,"BC,RG,TSP-UR","OBC,RG,TSP-UR",True,POST-11,OBC,GE,Vertical
1116849,281,BC,OBC,True,POST-11,OBC,GE,Vertical
1118072,282,"BC,WE","OBC,WE",True,POST-9,OBC,"GE, WE",Vertical
1106617,283,EWS,EWS,True,POST-4,EWS,GE,Vertical
1101706,284,BC,OBC,True,POST-11,OBC,GE,Vertical
1109489,285,"BC,RG","OBC,RG",True,POST-12,UR,GE,UR
1101571,286,SC,SC,True,POST-1,SC,GE,Vertical
1100838,287,"GE,RG","GE,RG",True,POST-12,UR,GE,UR
1119761,288,BC,OBC,True,POST-12,UR,GE,UR
1108351,289,BC,OBC,True,POST-12,UR,GE,UR
1113290,290,BC,OBC,True,POST-12,UR,GE,UR
1102431,291,"BC,ME,NG","OBC,ME,NG",True,POST-12,UR,GE,UR
1106608,292,"BC,NG,RG","OBC,NG,RG",True,POST-12,UR,GE,UR
1100856,293,BC,OBC,True,POST-12,UR,GE,UR
1105042,294,"EWS,RG","EWS,RG",True,POST-4,EWS,GE,Vertical
1118316,295,BC,OBC,True,POST-12,UR,GE,UR
1109391,296,"ST,WE,ME,RG","ST,WE,ME,RG",True,POST-1,ST,"GE, WE",Vertical
1110041,297,BC,OBC,True,POST-12,UR,GE,UR
1109195,298,EWS,EWS,True,POST-7,EWS,GE,Vertical
1109957,299,BC,OBC,True,POST-12,OBC,GE,Vertical
1105730,300,BC,OBC,True,POST-12,OBC,GE,Vertical
1101937,301,"EWS,WE","EWS,WE",True,POST-3,EWS,"GE, WE",Vertical
1106454,302,EWS,EWS,True,POST-8,EWS,GE,Vertical
1105254,303,EWS,EWS,True,POST-9,EWS,GE,Vertical
1103130,304,"BC,ME,RG","OBC,ME,RG",True,POST-12,OBC,GE,Vertical
1103307,305,"BC,WE","OBC,WE",True,POST-9,OBC,"GE, WE",Vertical
1100313,306,ST,ST,True,POST-2,ST,GE,Vertical
1106572,307,"ST,WE,RG","ST,WE,RG",True,POST-1,ST,"GE, WE",Vertical
1104104,308,"EWS,WE,RG","EWS,WE,RG",True,POST-3,EWS,"GE, WE",Vertical
1105039,309,BC,OBC,True,POST-12,OBC,GE,Vertical
1110139,310,BC,OBC,True,POST-12,OBC,GE,Vertical
1105719,311,"BC,WE,RG","OBC,WE,RG",True,POST-11,OBC,"GE, WE",Vertical
1105862,312,"BC,RG","OBC,RG",True,POST-12,OBC,GE,Vertical
1105265,313,SC,SC,True,POST-2,SC,GE,Vertical
1103767,314,"BC,WE","OBC,WE",True,POST-12,UR,"GE, WE",UR
1104589,315,"SC,WE","SC,WE",True,POST-1,SC,"GE, WE",Vertical
1120236,316,"GE,WE,TSP-UR","GE,WE,TSP-UR",True,POST-12,UR,"GE, WE",UR
1105658,317,BC,OBC,True,POST-12,OBC,GE,Vertical
1106981,318,"ST,RG","ST,RG",True,POST-2,ST,GE,Vertical
1101058,319,EWS,EWS,True,POST-9,EWS,GE,Vertical
1109122,320,"BC,WE","OBC,WE",True,POST-12,UR,"GE, WE",UR
1105746,321,"GE,SP","GE,SP",True,POST-13,UR,GE,UR
1109438,322,"BC,WE","OBC,WE",True,POST-12,UR,"GE, WE",UR
1112783,323,"MB,RG","MBC,RG",True,POST-3,MBC,GE,Vertical
1102422,324,BC,OBC,True,POST-12,OBC,GE,Vertical
1103880,325,"BC,WE,ME,RG","OBC,WE,ME,RG",True,POST-12,OBC,"GE, WE",Vertical
1103601,326,BC,OBC,True,POST-13,UR,GE,UR
1101229,327,BC,OBC,True,POST-13,UR,GE,UR
1101530,328,"BC,RG","OBC,RG",True,POST-13,UR,GE,UR
1115288,329,BC,OBC,True,POST-13,UR,GE,UR
1101318,330,"ST,WE","ST,WE",True,POST-2,ST,GE,Vertical
1115975,331,BC,OBC,True,POST-13,OBC,GE,Vertical
1100060,332,EWS,EWS,True,POST-9,EWS,GE,Vertical
1106569,333,EWS,EWS,True,POST-9,EWS,GE,Vertical
1114961,334,"GE,NG,RG","GE,NG,RG",True,POST-14,UR,GE,UR
1113391,335,"BC,WE","OBC,WE",True,POST-12,OBC,"GE, WE",Vertical
1103281,336,BC,OBC,True,POST-14,OBC,GE,Vertical
1102158,337,"BC,WE","OBC,WE",True,POST-13,UR,"GE, WE",UR
1102004,338,MB,MBC,True,POST-3,MBC,GE,Vertical
1100685,339,BC,OBC,True,POST-15,UR,GE,UR
1108762,340,EWS,EWS,True,POST-11,EWS,GE,Vertical
1115001,341,"GE,NG,RG","GE,NG,RG",True,POST-15,UR,GE,UR
1105106,342,SC,SC,True,POST-2,SC,GE,Vertical
1113912,343,BC,OBC,True,POST-16,UR,GE,UR
1115371,344,BC,OBC,True,POST-17,UR,GE,UR
1100350,345,BC,OBC,True,POST-17,UR,GE,UR
1105320,346,GE,GE,True,POST-17,UR,GE,UR
1117659,347,BC,OBC,True,POST-17,UR,GE,UR
1115093,348,BC,OBC,True,POST-17,UR,GE,UR
1100664,349,BC,OBC,True,POST-17,UR,GE,UR
1101347,350,"BC,WE","OBC,WE",True,POST-13,UR,"GE, WE",UR
1113538,351,"MB,WE","MBC,WE",True,POST-2,MBC,"GE, WE",Vertical
1111270,352,GE,GE,True,POST-17,UR,GE,UR
1110331,353,BC,OBC,True,POST-17,UR,GE,UR
1108125,354,GE,GE,True,POST-17,UR,GE,UR
1111156,355,BC,OBC,True,POST-17,UR,GE,UR
1103965,356,"EWS,WE","EWS,WE",True,POST-4,EWS,"GE, WE",Vertical
1112439,357,"EWS,WE,ME","EWS,WE,ME",True,POST-4,EWS,"GE, WE",Vertical
1100427,358,BC,OBC,True,POST-17,UR,GE,UR
1118293,359,BC,OBC,True,POST-17,UR,GE,UR
1101726,360,BC,OBC,True,POST-17,UR,GE,UR
1101464,361,BC,OBC,True,POST-17,UR,GE,UR
1101507,362,BC,OBC,True,POST-17,UR,GE,UR
1100861,363,BC,OBC,True,POST-17,UR,GE,UR
1104075,364,"BC,WE","OBC,WE",True,POST-13,OBC,"GE, WE",Vertical
1114721,365,"BC,NG,RG","OBC,NG,RG",True,POST-17,UR,GE,UR
1106590,366,BC,OBC,True,POST-17,UR,GE,UR
1102024,367,GE,GE,True,POST-17,UR,GE,UR
1113608,368,"MB,ME,RG","MBC,ME,RG",True,POST-4,MBC,GE,Vertical
1100212,369,"BC,NG,RG","OBC,NG,RG",True,POST-17,UR,GE,UR
1101593,370,"BC,ME,NG,RG","OBC,ME,NG,RG",True,POST-17,UR,GE,UR
1101145,371,"BC,RG","OBC,RG",True,POST-17,UR,GE,UR
1103815,372,EWS,EWS,True,POST-12,EWS,GE,Vertical
1100485,373,"BC,NG,RG","OBC,NG,RG",True,POST-17,UR,GE,UR
1100084,374,"BC,WE","OBC,WE",True,POST-17,UR,GE,UR
1116723,375,BC,OBC,True,POST-17,UR,GE,UR
1110064,376,"BC,WE","OBC,WE",True,POST-17,UR,GE,UR
1109642,377,GE,GE,True,POST-17,UR,GE,UR
1101930,378,BC,OBC,True,POST-17,UR,GE,UR
1100308,379,BC,OBC,True,POST-17,UR,GE,UR
1109685,380,BC,OBC,True,POST-17,UR,GE,UR
1101183,381,MB,MBC,True,POST-4,MBC,GE,Vertical
1101169,382,ST,ST,True,POST-3,ST,GE,Vertical
1115979,383,BC,OBC,True,POST-17,UR,GE,UR
1119136,384,"ST,WE,ME,NG,RG","ST,WE,ME,NG,RG",True,POST-2,ST,"GE, WE",Vertical
1117182,385,EWS,EWS,True,POST-12,EWS,GE,Vertical
1113257,386,GE,GE,True,POST-17,UR,GE,UR
1113209,387,"BC,RG","OBC,RG",True,POST-17,UR,GE,UR
1110083,388,"GE,WE","GE,WE",True,POST-17,UR,GE,UR
1100857,389,BC,OBC,True,POST-17,UR,GE,UR
1115369,390,"EWS,NG,RG","EWS,NG,RG",True,POST-12,EWS,GE,Vertical
1115791,391,EWS,EWS,True,POST-12,EWS,GE,Vertical
1109509,392,SC,SC,True,POST-2,SC,GE,Vertical
1115259,393,BC,OBC,True,POST-17,UR,GE,UR
1112942,394,"BC,NG,RG","OBC,NG,RG",True,POST-17,UR,GE,UR
1107853,395,ST,ST,True,POST-3,ST,GE,Vertical
1101209,396,BC,OBC,True,POST-17,UR,GE,UR
1106872,397,EWS,EWS,True,POST-12,EWS,GE,Vertical
1104387,398,BC,OBC,True,POST-17,UR,GE,UR
1110926,399,BC,OBC,True,POST-17,UR,GE,UR
1104898,400,BC,OBC,True,POST-17,UR,GE,UR
1105886,401,"BC,WE","OBC,WE",True,POST-17,UR,GE,UR
1109074,402,"BC,WE","OBC,WE",True,POST-17,UR,GE,UR
1100322,403,BC,OBC,True,POST-17,UR,GE,UR
1107693,404,MB,MBC,True,POST-6,MBC,GE,Vertical
1101296,405,"BC,WE,RG","OBC,WE,RG",True,POST-17,UR,GE,UR
1104879,406,"EWS,NG,RG","EWS,NG,RG",True,POST-17,UR,GE,UR
1107147,407,BC,OBC,True,POST-17,UR,GE,UR
1111560,408,"GE,WE,DC,ME,NG","GE,WE,DC,ME,NG",True,POST-17,UR,GE,UR
1111185,409,"BC,WE,ME,NG,RG","OBC,WE,ME,NG,RG",True,POST-17,UR,GE,UR
1117928,410,"EWS,RG","EWS,RG",True,POST-17,UR,GE,UR
1103489,411,BC,OBC,True,POST-17,UR,GE,UR
1109289,412,"GE,WE","GE,WE",True,POST-17,UR,GE,UR
1111526,413,"BC,WE","OBC,WE",True,POST-17,UR,GE,UR
1103889,414,"SC,RG","SC,RG",True,POST-2,SC,GE,Vertical
1101670,415,GE,GE,True,POST-17,UR,GE,UR
1106513,416,BC,OBC,True,POST-17,UR,GE,UR
1100671,417,"BC,NG","OBC,NG",True,POST-17,UR,GE,UR
1117070,418,GE,GE,True,POST-17,UR,GE,UR
1117019,419,BC,OBC,True,POST-17,UR,GE,UR
1108320,420,"EWS,WE","EWS,WE",True,POST-9,EWS,"GE, WE",Vertical
1107816,421,BC,OBC,True,POST-17,UR,GE,UR
1111095,422,"BC,WE,RG","OBC,WE,RG",True,POST-17,UR,GE,UR
1104627,423,BC,OBC,True,POST-17,OBC,GE,Vertical
1101083,424,"BC,RG","OBC,RG",True,POST-17,OBC,GE,Vertical
1106749,425,"EWS,RG","EWS,RG",True,POST-17,EWS,GE,Vertical
1106210,426,GE,GE,True,POST-19,UR,GE,UR
1106913,427,ST,ST,True,POST-3,ST,GE,Vertical
1100935,428,"MB,WE","MBC,WE",True,POST-3,MBC,"GE, WE",Vertical
1112681,429,"MB,RG","MBC,RG",True,POST-7,MBC,GE,Vertical
1100981,430,"BC,RG","OBC,RG",True,POST-17,OBC,GE,Vertical
1108345,431,"GE,WE","GE,WE",True,POST-17,UR,"GE, WE",UR
1109433,432,"EWS,WE,RG","EWS,WE,RG",True,POST-9,EWS,"GE, WE",Vertical
1100328,433,"BC,NG,RG","OBC,NG,RG",True,POST-17,OBC,GE,Vertical
1113319,434,BC,OBC,True,POST-17,OBC,GE,Vertical
1104357,435,"GE,RG","GE,RG",True,POST-19,UR,GE,UR
1106049,436,"BC,NG,RG","OBC,NG,RG",True,POST-17,OBC,GE,Vertical
1118941,437,GE,GE,True,POST-19,UR,GE,UR
1113031,438,"EWS,RG","EWS,RG",True,POST-17,EWS,GE,Vertical
1118371,439,BC,OBC,True,POST-17,OBC,GE,Vertical
1114603,440,GE,GE,True,POST-19,UR,GE,UR
1100195,441,"EWS,WE","EWS,WE",True,POST-12,EWS,"GE, WE",Vertical
1120298,442,BC,OBC,True,POST-17,OBC,GE,Vertical
1118764,443,"GE,WE","GE,WE",True,POST-17,UR,"GE, WE",UR
1116466,444,BC,OBC,True,POST-17,OBC,GE,Vertical
1116379,445,"EWS,NG,RG","EWS,NG,RG",True,POST-17,EWS,GE,Vertical
1114788,446,"BC,RG","OBC,RG",True,POST-17,OBC,GE,Vertical
1118787,447,"GE,WE,RG","GE,WE,RG",True,POST-17,UR,"GE, WE",UR
1109779,448,"GE,RG","GE,RG",True,POST-19,UR,GE,UR
1108576,449,"BC,WE,DV","OBC,WE,DV",True,POST-2,UR,DV,UR
1111269,450,BC,OBC,True,POST-17,OBC,GE,Vertical
1102277,451,BC,OBC,True,POST-17,OBC,GE,Vertical
1117821,452,GE,GE,True,POST-19,UR,GE,UR
1101430,453,GE,GE,True,POST-19,UR,GE,UR
1115321,454,BC,OBC,True,POST-17,OBC,GE,Vertical
1112370,455,BC,OBC,True,POST-17,OBC,GE,Vertical
1101213,456,"BC,WE,NG,RG","OBC,WE,NG,RG",True,POST-17,UR,"GE, WE",UR
1102192,457,"BC,WE,RG","OBC,WE,RG",True,POST-17,UR,"GE, WE",UR
1115174,458,GE,GE,True,POST-19,UR,GE,UR
1110106,459,"EWS,RG","EWS,RG",True,POST-17,EWS,GE,Vertical
1103488,460,BC,OBC,True,POST-17,OBC,GE,Vertical
1100276,461,"GE,WE","GE,WE",True,POST-17,UR,"GE, WE",UR
1116938,462,"GE,WE","GE,WE",True,POST-17,UR,"GE, WE",UR
1108727,463,"GE,RG","GE,RG",True,POST-19,UR,GE,UR
1102253,464,EWS,EWS,True,POST-17,EWS,GE,Vertical
1103340,465,"BC,WE","OBC,WE",True,POST-17,UR,"GE, WE",UR
1103586,466,"GE,RG","GE,RG",True,POST-19,UR,GE,UR
1114879,467,BC,OBC,True,POST-17,OBC,GE,Vertical
1103569,468,BC,OBC,True,POST-17,OBC,GE,Vertical
1105662,469,"BC,WE","OBC,WE",True,POST-17,UR,"GE, WE",UR
1118078,470,BC,OBC,True,POST-17,OBC,GE,Vertical
1100048,471,"EWS,NG,RG","EWS,NG,RG",True,POST-17,EWS,GE,Vertical
1101663,472,BC,OBC,True,POST-17,OBC,GE,Vertical
1103019,473,EWS,EWS,True,POST-17,EWS,GE,Vertical
1116098,474,BC,OBC,True,POST-17,OBC,GE,Vertical
1106297,475,"BC,RG","OBC,RG",True,POST-19,UR,GE,UR
1106274,476,"BC,WE","OBC,WE",True,POST-17,UR,"GE, WE",UR
1101345,477,"BC,WE","OBC,WE",True,POST-17,UR,"GE, WE",UR
1113359,478,MB,MBC,True,POST-8,MBC,GE,Vertical
1108658,479,BC,OBC,True,POST-19,UR,GE,UR
1119873,480,"MB,RG,TSP-UR","MBC,RG,TSP-UR",True,POST-9,MBC,GE,Vertical
1101953,481,"BC,NG,RG","OBC,NG,RG",True,POST-19,UR,GE,UR
1101851,482,BC,OBC,True,POST-19,UR,GE,UR
1101533,483,BC,OBC,True,POST-19,UR,GE,UR
1110806,484,EWS,EWS,True,POST-17,EWS,GE,Vertical
1101101,485,"BC,ME,RG","OBC,ME,RG",True,POST-19,UR,GE,UR
1113688,486,BC,OBC,True,POST-19,UR,GE,UR
1109025,487,SC,SC,True,POST-2,SC,GE,Vertical
1100736,488,GE,GE,True,POST-19,UR,GE,UR
1101643,489,"GE,EX","GE,EX",True,POST-4,UR,EX,UR
1108403,490,EWS,EWS,True,POST-17,EWS,GE,Vertical
1102111,491,"BC,ME,RG","OBC,ME,RG",True,POST-19,UR,GE,UR
1105270,492,"GE,WE","GE,WE",True,POST-17,UR,"GE, WE",UR
1110631,493,GE,GE,True,POST-19,UR,GE,UR
1104653,494,"BC,RG","OBC,RG",True,POST-19,UR,GE,UR
1105752,495,"EWS,RG","EWS,RG",True,POST-17,EWS,GE,Vertical
1114701,496,"GE,NG,RG","GE,NG,RG",True,POST-19,UR,GE,UR
1104596,497,GE,GE,True,POST-19,UR,GE,UR
1118937,498,GE,GE,True,POST-19,UR,GE,UR
1105126,499,GE,GE,True,POST-19,UR,GE,UR
1100529,500,"GE,WE,RG","GE,WE,RG",True,POST-17,UR,"GE, WE",UR
1112361,501,"BC,WE","OBC,WE",True,POST-17,UR,"GE, WE",UR
1100374,502,BC,OBC,True,POST-19,UR,GE,UR
1107238,503,BC,OBC,True,POST-19,OBC,GE,Vertical
1108463,504,ST,ST,True,POST-3,ST,GE,Vertical
1117205,505,EWS,EWS,True,POST-17,EWS,GE,Vertical
1104441,506,GE,GE,True,POST-21,UR,GE,UR
1100740,507,BC,OBC,True,POST-19,OBC,GE,Vertical
1113080,508,"BC,ME,RG","OBC,ME,RG",True,POST-19,OBC,GE,Vertical
1101923,509,EWS,EWS,True,POST-17,EWS,GE,Vertical
1108387,510,"GE,WE","GE,WE",True,POST-17,UR,"GE, WE",UR
1106887,511,"BC,WE","OBC,WE",True,POST-17,UR,"GE, WE",UR
1115142,512,"BC,RG","OBC,RG",True,POST-19,OBC,GE,Vertical
1100074,513,BC,OBC,True,POST-19,OBC,GE,Vertical
1100236,514,EWS,EWS,True,POST-17,EWS,GE,Vertical
1112585,515,GE,GE,True,POST-22,UR,GE,UR
1100986,516,SC,SC,True,POST-2,SC,GE,Vertical
1106603,517,"GE,NG,RG","GE,NG,RG",True,POST-22,UR,GE,UR
1102560,518,"BC,RG","OBC,RG",True,POST-19,OBC,GE,Vertical
1112371,519,"BC,WE","OBC,WE",True,POST-17,UR,"GE, WE",UR
1100219,520,"GE,WE","GE,WE",True,POST-17,UR,"GE, WE",UR
1107441,521,GE,GE,True,POST-23,UR,GE,UR
1115937,522,"GE,WE","GE,WE",True,POST-19,UR,"GE, WE",UR
1104867,523,BC,OBC,True,POST-19,OBC,GE,Vertical
1111073,524,"BC,RG","OBC,RG",True,POST-19,OBC,GE,Vertical
1119274,525,"GE,WE","GE,WE",True,POST-19,UR,"GE, WE",UR
1101646,526,BC,OBC,True,POST-19,OBC,GE,Vertical
1108429,527,BC,OBC,True,POST-19,OBC,GE,Vertical
1107351,528,"BC,WE","OBC,WE",True,POST-17,OBC,"GE, WE",Vertical
1101629,529,MB,MBC,True,POST-9,MBC,GE,Vertical
1113069,530,BC,OBC,True,POST-19,OBC,GE,Vertical
1110957,531,ST,ST,True,POST-3,ST,GE,Vertical
1119335,532,GE,GE,True,POST-23,UR,GE,UR
1114502,533,BC,OBC,True,POST-19,OBC,GE,Vertical
1119783,534,"GE,NG,RG","GE,NG,RG",True,POST-23,UR,GE,UR
1106870,535,GE,GE,True,POST-25,UR,GE,UR
1107741,536,"BC,WE","OBC,WE",True,POST-17,OBC,"GE, WE",Vertical
1101170,537,"GE,WE","GE,WE",True,POST-19,UR,"GE, WE",UR
1120071,538,BC,OBC,True,POST-19,OBC,GE,Vertical
1109157,539,GE,GE,True,POST-25,UR,GE,UR
1110161,540,EWS,EWS,True,POST-17,EWS,GE,Vertical
1101334,541,BC,OBC,True,POST-19,OBC,GE,Vertical
1100562,542,"SC,WE","SC,WE",True,POST-2,SC,"GE, WE",Vertical
1100211,543,"SC,WE,ME,RG","SC,WE,ME,RG",True,POST-2,SC,"GE, WE",Vertical
1113851,544,BC,OBC,True,POST-19,OBC,GE,Vertical
1111346,545,BC,OBC,True,POST-19,OBC,GE,Vertical
1105763,546,"BC,WE","OBC,WE",True,POST-17,OBC,"GE, WE",Vertical
1116862,547,BC,OBC,True,POST-21,OBC,GE,Vertical
1116258,548,"BC,WE","OBC,WE",True,POST-17,OBC,"GE, WE",Vertical
1103303,549,BC,OBC,True,POST-22,OBC,GE,Vertical
1108346,550,BC,OBC,True,POST-22,OBC,GE,Vertical
1104639,551,"BC,WE","OBC,WE",True,POST-17,OBC,"GE, WE",Vertical
1117497,552,"EWS,RG","EWS,RG",True,POST-19,EWS,GE,Vertical
1114567,553,"BC,RG","OBC,RG",True,POST-22,OBC,GE,Vertical
1117724,554,"GE,RG","GE,RG",True,POST-25,UR,GE,UR
1100339,555,BC,OBC,True,POST-23,OBC,GE,Vertical
1101417,556,"SC,WE","SC,WE",True,POST-2,SC,"GE, WE",Vertical
1104651,557,BC,OBC,True,POST-23,OBC,GE,Vertical
1104033,558,GE,GE,True,POST-25,UR,GE,UR
1110931,559,GE,GE,True,POST-25,UR,GE,UR
1108511,560,"BC,RG","OBC,RG",True,POST-23,OBC,GE,Vertical
1101996,561,BC,OBC,True,POST-25,UR,GE,UR
1101903,562,BC,OBC,True,POST-25,UR,GE,UR
1105602,563,"ST,WE","ST,WE",True,POST-2,ST,"GE, WE",Vertical
1120406,564,"GE,NG,RG","GE,NG,RG",True,POST-25,UR,GE,UR
1115141,565,"BC,RG","OBC,RG",True,POST-25,UR,GE,UR
1105911,566,EWS,EWS,True,POST-19,EWS,GE,Vertical
1116418,567,"BC,NG,RG","OBC,NG,RG",True,POST-25,UR,GE,UR
1110433,568,"BC,NG,RG","OBC,NG,RG",True,POST-25,UR,GE,UR
1119630,569,BC,OBC,True,POST-25,UR,GE,UR
1117274,570,"BC,WE","OBC,WE",True,POST-17,OBC,"GE, WE",Vertical
1102578,571,EWS,EWS,True,POST-19,EWS,GE,Vertical
1106223,572,"EWS,WE","EWS,WE",True,POST-17,EWS,"GE, WE",Vertical
1106452,573,BC,OBC,True,POST-25,UR,GE,UR
1108214,574,"BC,RG","OBC,RG",True,POST-25,UR,GE,UR
1105334,575,EWS,EWS,True,POST-19,EWS,GE,Vertical
1108550,576,"MB,NG,RG","MBC,NG,RG",True,POST-9,MBC,GE,Vertical
1104748,577,BC,OBC,True,POST-25,UR,GE,UR
1105152,578,BC,OBC,True,POST-25,UR,GE,UR
1100058,579,BC,OBC,True,POST-25,UR,GE,UR
1116963,580,BC,OBC,True,POST-25,UR,GE,UR
1101251,581,"ST,WE","ST,WE",True,POST-3,ST,GE,Vertical
1110261,582,GE,GE,True,POST-28,UR,GE,UR
1109802,583,"BC,EX","OBC,EX",True,POST-3,OBC,EX,Vertical
1117260,584,BC,OBC,True,POST-25,OBC,GE,Vertical
1101004,585,"BC,RG","OBC,RG",True,POST-25,OBC,GE,Vertical
1112221,586,"SC,WE","SC,WE",True,POST-3,SC,GE,Vertical
1111593,587,EWS,EWS,True,POST-19,EWS,GE,Vertical
1119285,588,EWS,EWS,True,POST-19,EWS,GE,Vertical
1119323,589,ST,ST,True,POST-3,ST,GE,Vertical
1117754,590,"GE,WE","GE,WE",True,POST-19,UR,"GE, WE",UR
1110413,591,"BC,WE","OBC,WE",True,POST-19,UR,"GE, WE",UR
1115246,592,"BC,NG,RG","OBC,NG,RG",True,POST-25,OBC,GE,Vertical
1109437,593,"ST,RG","ST,RG",True,POST-3,ST,GE,Vertical
1105528,594,"BC,NG,RG","OBC,NG,RG",True,POST-25,OBC,GE,Vertical
1107275,595,ST,ST,True,POST-3,ST,GE,Vertical
1109684,596,"BC,WE","OBC,WE",True,POST-19,UR,"GE, WE",UR
1102099,597,"BC,RG","OBC,RG",True,POST-25,OBC,GE,Vertical
1101190,598,BC,OBC,True,POST-25,OBC,GE,Vertical
1112841,599,"BC,WE","OBC,WE",True,POST-19,UR,"GE, WE",UR
1100225,600,"BC,WE","OBC,WE",True,POST-19,OBC,"GE, WE",Vertical
1101316,601,GE,GE,True,POST-28,UR,GE,UR
1103192,602,"GE,WE,RG","GE,WE,RG",True,POST-22,UR,"GE, WE",UR
1111217,603,BC,OBC,True,POST-25,OBC,GE,Vertical
1112547,604,BC,OBC,True,POST-26,OBC,GE,Vertical
1115624,605,BC,OBC,True,POST-26,OBC,GE,Vertical
1101026,606,"BC,WE","OBC,WE",True,POST-19,OBC,"GE, WE",Vertical
1103458,607,BC,OBC,True,POST-28,OBC,GE,Vertical
1119557,608,"BC,WE,TSP-UR","OBC,WE,TSP-UR",True,POST-19,OBC,"GE, WE",Vertical
1119300,609,"GE,NG,RG","GE,NG,RG",True,POST-30,UR,GE,UR
1110788,610,"EWS,WE","EWS,WE",True,POST-17,EWS,"GE, WE",Vertical
1116558,611,GE,GE,True,POST-30,UR,GE,UR
1102208,612,BC,OBC,True,POST-28,OBC,GE,Vertical
1108279,613,BC,OBC,True,POST-28,OBC,GE,Vertical
1119247,614,GE,GE,True,POST-30,UR,GE,UR
1109594,615,"GE,EX","GE,EX",True,POST-9,UR,EX,UR
1115583,616,BC,OBC,True,POST-30,UR,GE,UR
1104211,617,BC,OBC,True,POST-30,UR,GE,UR
1102033,618,BC,OBC,True,POST-32,UR,GE,UR
1103355,619,"BC,WE","OBC,WE",True,POST-19,OBC,"GE, WE",Vertical
1104536,620,GE,GE,True,POST-33,UR,GE,UR
1107151,621,BC,OBC,True,POST-33,UR,GE,UR
1109967,622,"BC,NG,RG","OBC,NG,RG",True,POST-33,UR,GE,UR
1120310,623,"BC,TSP-UR","OBC,TSP-UR",True,POST-33,OBC,GE,Vertical
1109160,624,"GE,WE","GE,WE",True,POST-23,UR,"GE, WE",UR
1101658,625,"EWS,WE","EWS,WE",True,POST-17,EWS,"GE, WE",Vertical
1109349,626,"EWS,WE","EWS,WE",True,POST-17,EWS,"GE, WE",Vertical
1111482,627,"EWS,WE","EWS,WE",True,POST-19,EWS,GE,Vertical
1103156,628,GE,GE,False,,,,
1107825,629,"BC,WE","OBC,WE",True,POST-23,OBC,"GE, WE",Vertical
1100801,630,BC,OBC,True,POST-33,OBC,GE,Vertical
1107302,631,"BC,WE","OBC,WE",True,POST-25,UR,"GE, WE",UR
1101048,632,BC,OBC,True,POST-33,OBC,GE,Vertical
1115375,633,EWS,EWS,True,POST-22,EWS,GE,Vertical
1111215,634,"BC,RG","OBC,RG",True,POST-33,OBC,GE,Vertical
1100897,635,BC,OBC,False,,,,
1108397,636,ST,ST,True,POST-3,ST,GE,Vertical
1116854,637,EWS,EWS,True,POST-23,EWS,GE,Vertical
1111076,638,BC,OBC,False,,,,
1120098,639,"EWS,NG,RG","EWS,NG,RG",True,POST-23,EWS,GE,Vertical
1110550,640,"BC,RG","OBC,RG",False,,,,
1115765,641,"EWS,NG,RG","EWS,NG,RG",True,POST-23,EWS,GE,Vertical
1107211,642,GE,GE,False,,,,
1100055,643,"GE,WE","GE,WE",True,POST-25,UR,"GE, WE",UR
1115645,644,"GE,WE","GE,WE",True,POST-25,UR,"GE, WE",UR
1102185,645,BC,OBC,False,,,,
1108034,646,BC,OBC,False,,,,
1110579,647,"BC,NG,RG","OBC,NG,RG",False,,,,
1103974,648,"GE,WE","GE,WE",True,POST-25,UR,"GE, WE",UR
1110304,649,"GE,WE,DV,RG","GE,WE,DV,RG",True,POST-3,UR,DV,UR
1105021,650,"GE,WE,RG","GE,WE,RG",True,POST-25,UR,"GE, WE",UR
1115034,651,"GE,WE","GE,WE",True,POST-26,UR,"GE, WE",UR
1100421,652,"EWS,RG","EWS,RG",True,POST-23,EWS,GE,Vertical
1106419,653,BC,OBC,False,,,,
1108122,654,"GE,WE","GE,WE",True,POST-30,UR,"GE, WE",UR
1107399,655,EWS,EWS,True,POST-23,EWS,GE,Vertical
1101777,656,BC,OBC,False,,,,
1117971,657,BC,OBC,False,,,,
1116852,658,"EWS,NG","EWS,NG",True,POST-25,EWS,GE,Vertical
1107071,659,"MB,WE","MBC,WE",True,POST-3,MBC,"GE, WE",Vertical
1109496,660,"BC,WE,NG","OBC,WE,NG",True,POST-25,OBC,"GE, WE",Vertical
1104337,661,"SC,WE","SC,WE",True,POST-3,SC,GE,Vertical
1101127,662,BC,OBC,False,,,,
1116049,663,"BC,RG","OBC,RG",False,,,,
1109316,664,BC,OBC,False,,,,
1113012,665,"MB,RG","MBC,RG",True,POST-12,MBC,GE,Vertical
1110361,666,BC,OBC,False,,,,
1112863,667,BC,OBC,False,,,,
1103478,668,"BC,WE","OBC,WE",True,POST-25,OBC,"GE, WE",Vertical
1110972,669,ST,ST,True,POST-3,ST,GE,Vertical
1118755,670,GE,GE,False,,,,
1105115,671,EWS,EWS,True,POST-25,EWS,GE,Vertical
1119938,672,"GE,TSP-UR","GE,TSP-UR",False,,,,
1118047,673,BC,OBC,False,,,,
1113677,674,ST,ST,True,POST-4,ST,GE,Vertical
1106026,675,BC,OBC,False,,,,
1115920,676,BC,OBC,False,,,,
1101009,677,BC,OBC,False,,,,
1110170,678,"GE,WE,RG","GE,WE,RG",True,POST-32,UR,"GE, WE",UR
1117841,679,"GE,WE","GE,WE",False,,,,
1101645,680,"EWS,WE,NG","EWS,WE,NG",True,POST-19,EWS,"GE, WE",Vertical
1119889,681,GE,GE,False,,,,
1117820,682,"BC,WE","OBC,WE",True,POST-26,OBC,"GE, WE",Vertical
1108731,683,"EWS,RG","EWS,RG",True,POST-25,EWS,GE,Vertical
1107182,684,EWS,EWS,True,POST-25,EWS,GE,Vertical
1109493,685,"BC,WE,RG","OBC,WE,RG",True,POST-30,OBC,"GE, WE",Vertical
1104755,686,"EWS,WE","EWS,WE",True,POST-19,EWS,"GE, WE",Vertical
1106694,687,"BC,WE","OBC,WE",True,POST-32,OBC,"GE, WE",Vertical
1113586,688,"BC,RG","OBC,RG",False,,,,
1100017,689,BC,OBC,False,,,,
1109398,690,BC,OBC,False,,,,
1115987,691,"BC,WE","OBC,WE",True,POST-33,OBC,"GE, WE",Vertical
1115269,692,"BC,TSP-UR","OBC,TSP-UR",False,,,,
1103390,693,BC,OBC,False,,,,
1101118,694,"BC,WE,DV","OBC,WE,DV",True,POST-3,OBC,DV,Vertical
1103794,695,"GE,WE","GE,WE",False,,,,
1106616,696,"EWS,WE","EWS,WE",True,POST-19,EWS,"GE, WE",Vertical
1100037,697,SC,SC,True,POST-3,SC,GE,Vertical
1102196,698,BC,OBC,False,,,,
1103560,699,"BC,WE","OBC,WE",True,POST-33,OBC,"GE, WE",Vertical
1118248,700,BC,OBC,False,,,,
1108759,701,"BC,NG,RG","OBC,NG,RG",False,,,,
1120033,702,GE,GE,False,,,,
1105241,703,GE,GE,False,,,,
1102228,704,BC,OBC,False,,,,
1100644,705,EWS,EWS,True,POST-28,EWS,GE,Vertical
1102008,706,BC,OBC,False,,,,
1102365,707,BC,OBC,False,,,,
1106251,708,EWS,EWS,True,POST-30,EWS,GE,Vertical
1112158,709,GE,GE,False,,,,
1100607,710,"BC,RG","OBC,RG",False,,,,
1119259,711,GE,GE,False,,,,
1116676,712,GE,GE,False,,,,
1109237,713,ST,ST,True,POST-4,ST,GE,Vertical
1118615,714,"BC,WE","OBC,WE",False,,,,
1100125,715,BC,OBC,False,,,,
1110756,716,"BC,WE,RG","OBC,WE,RG",False,,,,
1100085,717,"BC,WE","OBC,WE",False,,,,
1102259,718,BC,OBC,False,,,,
1104821,719,EWS,EWS,True,POST-33,EWS,GE,Vertical
1110235,720,"GE,RG","GE,RG",False,,,,
1101246,721,BC,OBC,False,,,,
1116983,722,"BC,RG","OBC,RG",False,,,,
1115353,723,BC,OBC,False,,,,
1117743,724,"BC,ME,NG,RG","OBC,ME,NG,RG",False,,,,
1113443,725,"BC,ME","OBC,ME",False,,,,
1112298,726,BC,OBC,False,,,,
1111627,727,"EWS,WE","EWS,WE",True,POST-23,EWS,"GE, WE",Vertical
1111637,728,"BC,WE,RG","OBC,WE,RG",False,,,,
1109017,729,EWS,EWS,True,POST-33,EWS,GE,Vertical
1103985,730,"MB,WE","MBC,WE",True,POST-4,MBC,"GE, WE",Vertical
1113047,731,"EWS,WE,ME","EWS,WE,ME",True,POST-25,EWS,"GE, WE",Vertical
1117408,732,GE,GE,False,,,,
1100500,733,GE,GE,False,,,,
1110834,734,"BC,WE,RG","OBC,WE,RG",False,,,,
1110531,735,"BC,WE","OBC,WE",False,,,,
1102408,736,"BC,RG","OBC,RG",False,,,,
1104282,737,BC,OBC,False,,,,
1109101,738,"BC,WE,RG","OBC,WE,RG",False,,,,
1100693,739,GE,GE,False,,,,
1113539,740,"BC,WE","OBC,WE",False,,,,
1103133,741,MB,MBC,True,POST-12,MBC,GE,Vertical
1105369,742,"EWS,RG","EWS,RG",False,,,,
1114906,743,"BC,RG","OBC,RG",False,,,,
1104987,744,BC,OBC,False,,,,
1107119,745,GE,GE,False,,,,
1100915,746,BC,OBC,False,,,,
1101513,747,GE,GE,False,,,,
1101671,748,BC,OBC,False,,,,
1101634,749,"BC,WE","OBC,WE",False,,,,
1100891,750,"SC,WE","SC,WE",True,POST-3,SC,GE,Vertical
1104361,751,BC,OBC,False,,,,
1100279,752,"BC,NG,RG","OBC,NG,RG",False,,,,
1103392,753,"BC,RG","OBC,RG",False,,,,
1100321,754,"BC,WE","OBC,WE",False,,,,
1100187,755,BC,OBC,False,,,,
1102209,756,ST,ST,True,POST-5,ST,GE,Vertical
1107800,757,ST,ST,True,POST-7,ST,GE,Vertical
1106890,758,"BC,RG","OBC,RG",False,,,,
1108343,759,"BC,WE","OBC,WE",False,,,,
1108157,760,BC,OBC,False,,,,
1117310,761,"EWS,RG","EWS,RG",False,,,,
1102021,762,"BC,BL","OBC,BL",False,,,,
1101069,763,BC,OBC,False,,,,
1111996,764,"GE,EX","GE,EX",True,POST-12,UR,EX,UR
1103413,765,"BC,NG,RG","OBC,NG,RG",False,,,,
1112294,766,MB,MBC,True,POST-13,MBC,GE,Vertical
1101104,767,"BC,WE","OBC,WE",False,,,,
1100166,768,BC,OBC,False,,,,
1109304,769,ST,ST,True,POST-7,ST,GE,Vertical
1100056,770,BC,OBC,False,,,,
1100122,771,MB,MBC,True,POST-17,MBC,GE,Vertical
1118528,772,MB,MBC,True,POST-17,MBC,GE,Vertical
1100221,773,BC,OBC,False,,,,
1103997,774,EWS,EWS,False,,,,
1103162,775,"EWS,WE","EWS,WE",True,POST-26,EWS,"GE, WE",Vertical
1106303,776,"GE,WE","GE,WE",False,,,,
1100142,777,"EWS,WE","EWS,WE",True,POST-33,EWS,"GE, WE",Vertical
1107576,778,EWS,EWS,False,,,,
1101186,779,BC,OBC,False,,,,
1100008,780,"BC,WE","OBC,WE",False,,,,
1113178,781,GE,GE,False,,,,
1109085,782,MB,MBC,True,POST-17,MBC,GE,Vertical
1106425,783,"BC,WE,RG","OBC,WE,RG",False,,,,
1102072,784,GE,GE,False,,,,
1101312,785,"BC,ME,RG","OBC,ME,RG",False,,,,
1101762,786,BC,OBC,False,,,,
1107163,787,BC,OBC,False,,,,
1106589,788,"GE,WE","GE,WE",False,,,,
1120245,789,"BC,WE","OBC,WE",False,,,,
1111114,790,"BC,WE","OBC,WE",False,,,,
1103778,791,"BC,EP","OBC,EP",False,,,,
1113641,792,EWS,EWS,False,,,,
1109315,793,GE,GE,False,,,,
1113105,794,"BC,RG","OBC,RG",False,,,,
1111981,795,"BC,WE","OBC,WE",False,,,,
1112701,796,BC,OBC,False,,,,
1106344,797,"BC,WE,ME","OBC,WE,ME",False,,,,
1115771,798,BC,OBC,False,,,,
1116611,799,BC,OBC,False,,,,
1107048,800,"GE,RG","GE,RG",False,,,,
1109376,801,"GE,WE","GE,WE",False,,,,
1105225,802,"BC,WE,RG","OBC,WE,RG",False,,,,
1110345,803,"BC,WE","OBC,WE",False,,,,
1102068,804,"BC,RG","OBC,RG",False,,,,
1111651,805,"ST,WE,RG","ST,WE,RG",True,POST-3,ST,"GE, WE",Vertical
1101195,806,BC,OBC,False,,,,
1109329,807,ST,ST,True,POST-8,ST,GE,Vertical
1116149,808,"BC,WE","OBC,WE",False,,,,
1118641,809,"GE,WE","GE,WE",False,,,,
1107555,810,"SC,RG","SC,RG",True,POST-3,SC,GE,Vertical
1100320,811,BC,OBC,False,,,,
1102221,812,BC,OBC,False,,,,
1109856,813,ST,ST,True,POST-9,ST,GE,Vertical
1113847,814,BC,OBC,False,,,,
1110136,815,GE,GE,False,,,,
1112817,816,MB,MBC,True,POST-17,MBC,GE,Vertical
1116881,817,"BC,RG","OBC,RG",False,,,,
1108009,818,"BC,WE,NG,RG","OBC,WE,NG,RG",False,,,,
1117223,819,BC,OBC,False,,,,
1105322,820,"GE,RG","GE,RG",False,,,,
1100956,821,EWS,EWS,False,,,,
1103791,822,"EWS,RG","EWS,RG",False,,,,
1100230,823,"BC,WE,RG","OBC,WE,RG",False,,,,
1103792,824,SC,SC,True,POST-3,SC,GE,Vertical
1101285,825,"SC,WE,RG","SC,WE,RG",True,POST-3,SC,GE,Vertical
1117444,826,"BC,NG","OBC,NG",False,,,,
1101580,827,"GE,WE","GE,WE",False,,,,
1115956,828,"BC,NG,RG","OBC,NG,RG",False,,,,
1104352,829,"EWS,WE","EWS,WE",False,,,,
1106654,830,"EWS,WE,RG","EWS,WE,RG",False,,,,
1101198,831,"BC,SP","OBC,SP",False,,,,
1112926,832,EWS,EWS,False,,,,
1112723,833,BC,OBC,False,,,,
1117355,834,BC,OBC,False,,,,
1110969,835,BC,OBC,False,,,,
1103703,836,BC,OBC,False,,,,
1106901,837,SC,SC,True,POST-3,SC,GE,Vertical
1103034,838,SC,SC,True,POST-3,SC,GE,Vertical
1100697,839,BC,OBC,False,,,,
1101757,840,"SC,RG","SC,RG",True,POST-3,SC,GE,Vertical
1108341,841,ST,ST,True,POST-9,ST,GE,Vertical
1112486,842,"BC,WE,RG","OBC,WE,RG",False,,,,
1111803,843,BC,OBC,False,,,,
1111084,844,BC,OBC,False,,,,
1105207,845,"GE,WE","GE,WE",False,,,,
1103628,846,"EWS,WE","EWS,WE",False,,,,
1104164,847,"GE,RG","GE,RG",False,,,,
1106978,848,"GE,RG","GE,RG",False,,,,
1109191,849,GE,GE,False,,,,
1104449,850,"BC,RG","OBC,RG",False,,,,
1111711,851,"BC,RG","OBC,RG",False,,,,
1101374,852,"EWS,RG","EWS,RG",False,,,,
1101804,853,GE,GE,False,,,,
1101465,854,"BC,RG","OBC,RG",False,,,,
1111542,855,"MB,WE","MBC,WE",True,POST-9,MBC,"GE, WE",Vertical
1108154,856,BC,OBC,False,,,,
1115064,857,"BC,ME,NG,RG","OBC,ME,NG,RG",False,,,,
1100780,858,"BC,ME","OBC,ME",False,,,,
1100344,859,BC,OBC,False,,,,
1104455,860,"BC,RG","OBC,RG",False,,,,
1101082,861,BC,OBC,False,,,,
1113111,862,BC,OBC,False,,,,
1100799,863,"BC,WE,NG,RG","OBC,WE,NG,RG",False,,,,
1116768,864,"GE,WE,NG,RG","GE,WE,NG,RG",False,,,,
1118909,865,"EWS,RG","EWS,RG",False,,,,
1103655,866,"BC,WE","OBC,WE",False,,,,
1108274,867,"MB,RG","MBC,RG",True,POST-17,MBC,GE,Vertical
1110889,868,"BC,WE","OBC,WE",False,,,,
1101981,869,BC,OBC,False,,,,
1117486,870,"BC,RG","OBC,RG",False,,,,
1101294,871,BC,OBC,False,,,,
1101543,872,BC,OBC,False,,,,
1108722,873,BC,OBC,False,,,,
1101876,874,"BC,ME,NG,RG","OBC,ME,NG,RG",False,,,,
1118655,875,BC,OBC,False,,,,
1102489,876,"BC,WE,RG","OBC,WE,RG",False,,,,
1104350,877,BC,OBC,False,,,,
1103321,878,"EWS,RG","EWS,RG",False,,,,
1113998,879,"EWS,NG,RG","EWS,NG,RG",False,,,,
1106593,880,EWS,EWS,False,,,,
1100138,881,BC,OBC,False,,,,
1120383,882,"EWS,TSP-UR","EWS,TSP-UR",False,,,,
1110452,883,BC,OBC,False,,,,
1112670,884,GE,GE,False,,,,
1111355,885,"GE,NG","GE,NG",False,,,,
1103714,886,"EWS,ME,NG,RG","EWS,ME,NG,RG",False,,,,
1101491,887,EWS,EWS,False,,,,
1112432,888,"EWS,WE,RG","EWS,WE,RG",False,,,,
1105641,889,GE,GE,False,,,,
1117362,890,BC,OBC,False,,,,
1114639,891,"GE,WE","GE,WE",False,,,,
1107832,892,"GE,WE,RG","GE,WE,RG",False,,,,
1107221,893,"BC,WE","OBC,WE",False,,,,
1102074,894,BC,OBC,False,,,,
1106578,895,ST,ST,True,POST-9,ST,GE,Vertical
1108036,896,"GE,WE","GE,WE",False,,,,
1106991,897,"MB,ME,RG","MBC,ME,RG",True,POST-17,MBC,GE,Vertical
1113374,898,"BC,WE","OBC,WE",False,,,,
1111019,899,"GE,WE","GE,WE",False,,,,
1111305,900,"EWS,WE","EWS,WE",False,,,,
1104503,901,"BC,WE,RG","OBC,WE,RG",False,,,,
1106412,902,"GE,WE","GE,WE",False,,,,
1101641,903,"BC,WE,RG","OBC,WE,RG",False,,,,
1112675,904,MB,MBC,True,POST-17,MBC,GE,Vertical
1102352,905,BC,OBC,False,,,,
1102430,906,"SC,WE","SC,WE",True,POST-3,SC,GE,Vertical
1106612,907,BC,OBC,False,,,,
1113803,908,BC,OBC,False,,,,
1111295,909,BC,OBC,False,,,,
1105557,910,"EWS,WE","EWS,WE",False,,,,
1109071,911,"GE,WE","GE,WE",False,,,,
1110190,912,"ST,WE,RG","ST,WE,RG",True,POST-3,ST,"GE, WE",Vertical
1102272,913,MB,MBC,True,POST-19,MBC,GE,Vertical
1100742,914,"BC,WE","OBC,WE",False,,,,
1119058,915,EWS,EWS,False,,,,
1115458,916,BC,OBC,False,,,,
1118740,917,BC,OBC,False,,,,
1109048,918,"BC,WE","OBC,WE",False,,,,
1104534,919,"BC,WE,RG","OBC,WE,RG",False,,,,
1112300,920,"BC,WE","OBC,WE",False,,,,
1101469,921,"GE,WE","GE,WE",False,,,,
1105699,922,"GE,RG","GE,RG",False,,,,
1104781,923,"BC,RG","OBC,RG",False,,,,
1106427,924,"BC,WE","OBC,WE",False,,,,
1108059,925,"GE,NG,RG","GE,NG,RG",False,,,,
1102354,926,BC,OBC,False,,,,
1100601,927,"BC,WE","OBC,WE",False,,,,
1107942,928,GE,GE,False,,,,
1103630,929,"BC,WE","OBC,WE",False,,,,
1101361,930,"GE,RG","GE,RG",False,,,,
1105559,931,"SC,WE","SC,WE",True,POST-3,SC,GE,Vertical
1105341,932,"GE,WE,RG","GE,WE,RG",False,,,,
1110229,933,BC,OBC,False,,,,
1112761,934,BC,OBC,False,,,,
1115492,935,"GE,RG","GE,RG",False,,,,
1100354,936,"BC,WE,RG","OBC,WE,RG",False,,,,
1110153,937,"SC,WE,RG","SC,WE,RG",True,POST-3,SC,GE,Vertical
1101365,938,BC,OBC,False,,,,
1106506,939,"ST,WE","ST,WE",True,POST-3,ST,"GE, WE",Vertical
1114569,940,BC,OBC,False,,,,
1113185,941,"BC,WE","OBC,WE",False,,,,
1100172,942,"GE,WE","GE,WE",False,,,,
1104209,943,"BC,WE","OBC,WE",False,,,,
1106800,944,"EWS,WE","EWS,WE",False,,,,
1111134,945,BC,OBC,False,,,,
1101749,946,MB,MBC,True,POST-19,MBC,GE,Vertical
1104374,947,BC,OBC,False,,,,
1112973,948,BC,OBC,False,,,,
1114828,949,EWS,EWS,False,,,,
1100472,950,"BC,ME","OBC,ME",False,,,,
1107090,951,"MB,WE","MBC,WE",True,POST-12,MBC,"GE, WE",Vertical
1108027,952,EWS,EWS,False,,,,
1112314,953,BC,OBC,False,,,,
1105868,954,"GE,EX","GE,EX",True,POST-13,UR,EX,UR
1110249,955,BC,OBC,False,,,,
1112460,956,"EWS,NG","EWS,NG",False,,,,
1116109,957,BC,OBC,False,,,,
1102170,958,BC,OBC,False,,,,
1104025,959,"GE,WE","GE,WE",False,,,,
1102477,960,BC,OBC,False,,,,
1105617,961,"SC,RG","SC,RG",True,POST-3,SC,GE,Vertical
1102071,962,BC,OBC,False,,,,
1103058,963,"BC,NG","OBC,NG",False,,,,
1118519,964,"ST,WE,RG","ST,WE,RG",True,POST-4,ST,"GE, WE",Vertical
1112388,965,GE,GE,False,,,,
1107599,966,MB,MBC,True,POST-19,MBC,GE,Vertical
1110656,967,BC,OBC,False,,,,
1111213,968,BC,OBC,False,,,,
1112417,969,ST,ST,True,POST-9,ST,GE,Vertical
1108839,970,EWS,EWS,False,,,,
1107864,971,BC,OBC,False,,,,
1111952,972,BC,OBC,False,,,,
1101833,973,BC,OBC,False,,,,
1116494,974,BC,OBC,False,,,,
1112032,975,GE,GE,False,,,,
1106358,976,ST,ST,True,POST-9,ST,GE,Vertical
1109401,977,MB,MBC,True,POST-21,MBC,GE,Vertical
1105393,978,"GE,WE,RG","GE,WE,RG",False,,,,
1118661,979,GE,GE,False,,,,
1105638,980,GE,GE,False,,,,
1111658,981,MB,MBC,True,POST-22,MBC,GE,Vertical
1118786,982,BC,OBC,False,,,,
1104614,983,BC,OBC,False,,,,
1109725,984,"SC,RG","SC,RG",True,POST-4,SC,GE,Vertical
1108293,985,SC,SC,True,POST-4,SC,GE,Vertical
1113193,986,BC,OBC,False,,,,
1116303,987,"MB,WE","MBC,WE",True,POST-17,MBC,"GE, WE",Vertical
1111957,988,GE,GE,False,,,,
1115058,989,EWS,EWS,False,,,,
1103227,990,BC,OBC,False,,,,
1108895,991,"BC,RG","OBC,RG",False,,,,
1114729,992,"EWS,ME,RG","EWS,ME,RG",False,,,,
1103777,993,"GE,WE,ME","GE,WE,ME",False,,,,
1117624,994,"BC,NG,RG","OBC,NG,RG",False,,,,
1108965,995,"GE,WE","GE,WE",False,,,,
1104956,996,"BC,WE,ME","OBC,WE,ME",False,,,,
1106970,997,BC,OBC,False,,,,
1104014,998,GE,GE,False,,,,
1101949,999,"BC,RG","OBC,RG",False,,,,
1105798,1000,"BC,WE","OBC,WE",False,,,,
1104446,1001,"MB,RG","MBC,RG",True,POST-23,MBC,GE,Vertical
1101636,1002,"BC,RG","OBC,RG",False,,,,
1100758,1003,BC,OBC,False,,,,
1117485,1004,"GE,ME,RG","GE,ME,RG",False,,,,
1110974,1005,"BC,WE","OBC,WE",False,,,,
1102226,1006,"BC,WE","OBC,WE",False,,,,
1118178,1007,"BC,EX","OBC,EX",True,POST-17,UR,EX,UR
1106000,1008,"SC,RG","SC,RG",True,POST-5,SC,GE,Vertical
1104583,1009,GE,GE,False,,,,
1104882,1010,MB,MBC,True,POST-23,MBC,GE,Vertical
1101792,1011,"BC,RG","OBC,RG",False,,,,
1108638,1012,BC,OBC,False,,,,
1106562,1013,"BC,WE","OBC,WE",False,,,,
1118105,1014,"MB,RG","MBC,RG",True,POST-23,MBC,GE,Vertical
1114696,1015,GE,GE,False,,,,
1102411,1016,"MB,ME","MBC,ME",True,POST-25,MBC,GE,Vertical
1108446,1017,"EWS,WE","EWS,WE",False,,,,
1107234,1018,"ST,RG","ST,RG",True,POST-9,ST,GE,Vertical
1105624,1019,"GE,WE","GE,WE",False,,,,
1111339,1020,BC,OBC,False,,,,
1105564,1021,GE,GE,False,,,,
1118118,1022,EWS,EWS,False,,,,
1120241,1023,GE,GE,False,,,,
1100933,1024,"EWS,RG","EWS,RG",False,,,,
1112545,1025,GE,GE,False,,,,
1105019,1026,"BC,WE,RG","OBC,WE,RG",False,,,,
1101893,1027,"GE,RG","GE,RG",False,,,,
1116428,1028,BC,OBC,False,,,,
1107267,1029,"BC,EX","OBC,EX",True,POST-17,UR,EX,UR
1103847,1030,"GE,NG,RG","GE,NG,RG",False,,,,
1103071,1031,ST,ST,True,POST-9,ST,GE,Vertical
1114760,1032,"BC,RG","OBC,RG",False,,,,
1113888,1033,"EWS,WE","EWS,WE",False,,,,
1105446,1034,"MB,ME,RG","MBC,ME,RG",True,POST-26,MBC,GE,Vertical
1101445,1035,"BC,WE","OBC,WE",False,,,,
1106813,1036,EWS,EWS,False,,,,
1100830,1037,"GE,WE","GE,WE",False,,,,
1101564,1038,BC,OBC,False,,,,
1102227,1039,"EWS,WE,NG,RG","EWS,WE,NG,RG",False,,,,
1100337,1040,"BC,WE","OBC,WE",False,,,,
1116061,1041,"BC,WE,NG,RG","OBC,WE,NG,RG",False,,,,
1107896,1042,BC,OBC,False,,,,
1114529,1043,BC,OBC,False,,,,
1100263,1044,BC,OBC,False,,,,
1115626,1045,BC,OBC,False,,,,
1113159,1046,MB,MBC,True,POST-30,MBC,GE,Vertical
1107858,1047,ST,ST,True,POST-11,ST,GE,Vertical
1108447,1048,"BC,RG","OBC,RG",False,,,,
1108292,1049,"GE,WE","GE,WE",False,,,,
1108326,1050,ST,ST,True,POST-12,ST,GE,Vertical
1120485,1051,"MB,TSP-UR","MBC,TSP-UR",True,POST-32,MBC,GE,Vertical
1104840,1052,BC,OBC,False,,,,
1113991,1053,"BC,WE,RG,SP","OBC,WE,RG,SP",False,,,,
1105406,1054,"ST,RG","ST,RG",True,POST-12,ST,GE,Vertical
1113217,1055,ST,ST,True,POST-12,ST,GE,Vertical
1103216,1056,"BC,RG","OBC,RG",False,,,,
1116458,1057,"BC,RG","OBC,RG",False,,,,
1108889,1058,"BC,WE,RG","OBC,WE,RG",False,,,,
1113060,1059,"BC,WE,RG","OBC,WE,RG",False,,,,
1117130,1060,"EWS,WE","EWS,WE",False,,,,
1103439,1061,"SC,NG,RG","SC,NG,RG",True,POST-6,SC,GE,Vertical
1104043,1062,BC,OBC,False,,,,
1114612,1063,"BC,WE,ME","OBC,WE,ME",False,,,,
1101572,1064,"BC,WE,RG","OBC,WE,RG",False,,,,
1110516,1065,SC,SC,True,POST-7,SC,GE,Vertical
1100908,1066,BC,OBC,False,,,,
1108365,1067,ST,ST,True,POST-13,ST,GE,Vertical
1108787,1068,"GE,WE","GE,WE",False,,,,
1118070,1069,"BC,RG","OBC,RG",False,,,,
1108929,1070,"SC,NG,RG","SC,NG,RG",True,POST-8,SC,GE,Vertical
1117882,1071,EWS,EWS,False,,,,
1108237,1072,ST,ST,True,POST-15,ST,GE,Vertical
1113459,1073,BC,OBC,False,,,,
1102275,1074,"GE,WE,RG","GE,WE,RG",False,,,,
1117550,1075,BC,OBC,False,,,,
1103003,1076,MB,MBC,False,,,,
1106355,1077,BC,OBC,False,,,,
1117572,1078,"BC,NG,RG","OBC,NG,RG",False,,,,
1100677,1079,"GE,NG,RG","GE,NG,RG",False,,,,
1112636,1080,"EWS,NG,RG","EWS,NG,RG",False,,,,
1110300,1081,"GE,WE","GE,WE",False,,,,
1112232,1082,BC,OBC,False,,,,
1117143,1083,SC,SC,True,POST-9,SC,GE,Vertical
1104451,1084,BC,OBC,False,,,,
1102419,1085,"BC,ME,RG","OBC,ME,RG",False,,,,
1107431,1086,"BC,WE","OBC,WE",False,,,,
1100287,1087,"BC,WE","OBC,WE",False,,,,
1103179,1088,"BC,WE","OBC,WE",False,,,,
1105221,1089,ST,ST,True,POST-17,ST,GE,Vertical
1100707,1090,BC,OBC,False,,,,
1116483,1091,"BC,RG","OBC,RG",False,,,,
1110248,1092,"BC,WE","OBC,WE",False,,,,
1107988,1093,GE,GE,False,,,,
1112907,1094,MB,MBC,False,,,,
1105260,1095,"EWS,ME,RG","EWS,ME,RG",False,,,,
1108902,1096,BC,OBC,False,,,,
1112584,1097,"ST,WE","ST,WE",True,POST-9,ST,"GE, WE",Vertical
1101510,1098,BC,OBC,False,,,,
1119650,1099,EWS,EWS,False,,,,
1103695,1100,GE,GE,False,,,,
1106735,1101,BC,OBC,False,,,,
1114927,1102,BC,OBC,False,,,,
1100382,1103,"BC,WE,RG","OBC,WE,RG",False,,,,
1101144,1104,BC,OBC,False,,,,
1115254,1105,"BC,NG,RG","OBC,NG,RG",False,,,,
1108589,1106,SC,SC,True,POST-9,SC,GE,Vertical
1105590,1107,"EWS,EX","EWS,EX",True,POST-17,UR,EX,UR
1119802,1108,BC,OBC,False,,,,
1104249,1109,"BC,RG","OBC,RG",False,,,,
1100014,1110,"BC,ME","OBC,ME",False,,,,
1110621,1111,BC,OBC,False,,,,
1120234,1112,"BC,TSP-UR","OBC,TSP-UR",False,,,,
1102251,1113,EWS,EWS,False,,,,
1117097,1114,BC,OBC,False,,,,
1108729,1115,"MB,NG,RG","MBC,NG,RG",False,,,,
1103188,1116,"GE,WE,ME,NG,RG","GE,WE,ME,NG,RG",False,,,,
1110932,1117,"EWS,NG,RG","EWS,NG,RG",False,,,,
1103107,1118,"BC,WE","OBC,WE",False,,,,
1101166,1119,BC,OBC,False,,,,
1111551,1120,ST,ST,True,POST-17,ST,GE,Vertical
1115664,1121,BC,OBC,False,,,,
1100850,1122,BC,OBC,False,,,,
1100216,1123,EWS,EWS,False,,,,
1104474,1124,GE,GE,False,,,,
1101488,1125,"EWS,WE","EWS,WE",False,,,,
1112123,1126,"BC,RG","OBC,RG",False,,,,
1117068,1127,"EWS,RG","EWS,RG",False,,,,
1119814,1128,TSP-SC,TSP-SC,False,,,,
1115688,1129,"BC,WE","OBC,WE",False,,,,
1100795,1130,"BC,WE","OBC,WE",False,,,,
1113190,1131,BC,OBC,False,,,,
1118627,1132,ST,ST,True,POST-17,ST,GE,Vertical
1103113,1133,BC,OBC,False,,,,
1109991,1134,GE,GE,False,,,,
1110045,1135,BC,OBC,False,,,,
1101367,1136,"GE,RG","GE,RG",False,,,,
1117159,1137,"SC,RG","SC,RG",True,POST-9,SC,GE,Vertical
1108360,1138,"BC,WE","OBC,WE",False,,,,
1108280,1139,"BC,WE,RG","OBC,WE,RG",False,,,,
1109500,1140,ST,ST,True,POST-17,ST,GE,Vertical
1101824,1141,EWS,EWS,False,,,,
1112035,1142,BC,OBC,False,,,,
1107509,1143,"GE,NG,RG","GE,NG,RG",False,,,,
1107118,1144,ST,ST,True,POST-17,ST,GE,Vertical
1103954,1145,"ST,WE","ST,WE",True,POST-12,ST,"GE, WE",Vertical
1108000,1146,GE,GE,False,,,,
1110538,1147,"BC,WE","OBC,WE",False,,,,
1100822,1148,BC,OBC,False,,,,
1100168,1149,"BC,RG","OBC,RG",False,,,,
1109321,1150,GE,GE,False,,,,
1104756,1151,ST,ST,True,POST-17,ST,GE,Vertical
1112649,1152,BC,OBC,False,,,,
1110031,1153,BC,OBC,False,,,,
1101449,1154,"ST,WE,RG","ST,WE,RG",True,POST-17,ST,GE,Vertical
1111539,1155,"BC,WE,RG","OBC,WE,RG",False,,,,
1119919,1156,SC,SC,True,POST-9,SC,GE,Vertical
1110937,1157,"EWS,WE,DC,ME,RG","EWS,WE,DC,ME,RG",False,,,,
1102123,1158,"SC,RG","SC,RG",True,POST-9,SC,GE,Vertical
1105851,1159,BC,OBC,False,,,,
1114683,1160,SC,SC,True,POST-9,SC,GE,Vertical
1104448,1161,"GE,RG","GE,RG",False,,,,
1101103,1162,"GE,WE,DV,RG","GE,WE,DV,RG",True,POST-8,UR,DV,UR
1111505,1163,"GE,WE","GE,WE",False,,,,
1109165,1164,"ST,RG","ST,RG",True,POST-17,ST,GE,Vertical
1100521,1165,"BC,RG","OBC,RG",False,,,,
1110930,1166,EWS,EWS,False,,,,
1105256,1167,BC,OBC,False,,,,
1116821,1168,"BC,WE","OBC,WE",False,,,,
1113387,1169,"BC,LV","OBC,LV",False,,,,
1113435,1170,GE,GE,False,,,,
1117240,1171,"BC,EX","OBC,EX",True,POST-17,UR,EX,UR
1104829,1172,MB,MBC,False,,,,
1101349,1173,BC,OBC,False,,,,
1105592,1174,EWS,EWS,False,,,,
1108220,1175,BC,OBC,False,,,,
1102415,1176,SC,SC,True,POST-9,SC,GE,Vertical
1111737,1177,"EWS,WE,DC,ME,RG","EWS,WE,DC,ME,RG",False,,,,
1101290,1178,BC,OBC,False,,,,
1119822,1179,"BC,RG","OBC,RG",False,,,,
1111763,1180,EWS,EWS,False,,,,
1115735,1181,BC,OBC,False,,,,
1118595,1182,GE,GE,False,,,,
1108050,1183,"EWS,RG","EWS,RG",False,,,,
1103474,1184,"BC,WE","OBC,WE",False,,,,
1120087,1185,"BC,WE","OBC,WE",False,,,,
1102231,1186,BC,OBC,False,,,,
1117495,1187,BC,OBC,False,,,,
1117074,1188,BC,OBC,False,,,,
1103409,1189,BC,OBC,False,,,,
1109497,1190,"GE,NG,RG","GE,NG,RG",False,,,,
1119219,1191,"BC,WE","OBC,WE",False,,,,
1108675,1192,"GE,WE","GE,WE",False,,,,
1108788,1193,"BC,WE","OBC,WE",False,,,,
1100232,1194,"EWS,WE","EWS,WE",False,,,,
1111943,1195,"BC,WE,ME,RG","OBC,WE,ME,RG",False,,,,
1106461,1196,"GE,WE","GE,WE",False,,,,
1102070,1197,"EWS,WE","EWS,WE",False,,,,
1107380,1198,"BC,WE,RG","OBC,WE,RG",False,,,,
1108816,1199,"EWS,EX","EWS,EX",True,POST-17,UR,EX,UR
1113828,1200,"GE,WE,RG","GE,WE,RG",False,,,,
1103561,1201,GE,GE,False,,,,
1118634,1202,ST,ST,True,POST-17,ST,GE,Vertical
1120176,1203,"GE,NG,RG,TSP-UR","GE,NG,RG,TSP-UR",False,,,,
1103763,1204,"BC,RG","OBC,RG",False,,,,
1120256,1205,"BC,ME","OBC,ME",False,,,,
1117662,1206,BC,OBC,False,,,,
1101881,1207,"EWS,WE","EWS,WE",False,,,,
1103835,1208,BC,OBC,False,,,,
1115955,1209,BC,OBC,False,,,,
1109127,1210,"MB,WE","MBC,WE",True,POST-17,MBC,"GE, WE",Vertical
1101388,1211,"SC,RG","SC,RG",True,POST-9,SC,GE,Vertical
1119044,1212,"EWS,ME,NG","EWS,ME,NG",False,,,,
1104514,1213,EWS,EWS,False,,,,
1117024,1214,MB,MBC,False,,,,
1104899,1215,BC,OBC,False,,,,
1105674,1216,"EWS,RG","EWS,RG",False,,,,
1116465,1217,GE,GE,False,,,,
1108798,1218,BC,OBC,False,,,,
1111219,1219,"BC,ME,NG,RG","OBC,ME,NG,RG",False,,,,
1114534,1220,"BC,NG,RG","OBC,NG,RG",False,,,,
1109436,1221,"EWS,WE","EWS,WE",False,,,,
1109602,1222,"BC,WE","OBC,WE",False,,,,
1100203,1223,BC,OBC,False,,,,
1100538,1224,BC,OBC,False,,,,
1101701,1225,"SC,WE,RG","SC,WE,RG",True,POST-3,SC,"GE, WE",Vertical
1108692,1226,"EWS,WE,NG,RG","EWS,WE,NG,RG",False,,,,
1103955,1227,"SC,WE","SC,WE",True,POST-3,SC,"GE, WE",Vertical
1112624,1228,ST,ST,True,POST-17,ST,GE,Vertical
1100745,1229,GE,GE,False,,,,
1102324,1230,"BC,RG","OBC,RG",False,,,,
1114920,1231,"BC,RG","OBC,RG",False,,,,
1119776,1232,"EWS,RG,TSP-UR","EWS,RG,TSP-UR",False,,,,
1104953,1233,"BC,RG","OBC,RG",False,,,,
1112094,1234,GE,GE,False,,,,
1101087,1235,BC,OBC,False,,,,
1101148,1236,"EWS,WE","EWS,WE",False,,,,
1114646,1237,EWS,EWS,False,,,,
1101243,1238,GE,GE,False,,,,
1111595,1239,BC,OBC,False,,,,
1104784,1240,BC,OBC,False,,,,
1112796,1241,BC,OBC,False,,,,
1112367,1242,MB,MBC,False,,,,
1114842,1243,"BC,WE","OBC,WE",False,,,,
1107105,1244,"GE,RG","GE,RG",False,,,,
1110598,1245,"GE,WE","GE,WE",False,,,,
1117950,1246,BC,OBC,False,,,,
1102378,1247,"BC,WE","OBC,WE",False,,,,
1100001,1248,"BC,WE","OBC,WE",False,,,,
1102249,1249,BC,OBC,False,,,,
1104983,1250,"BC,WE","OBC,WE",False,,,,
1107212,1251,BC,OBC,False,,,,
1101685,1252,GE,GE,False,,,,
1110502,1253,"BC,WE","OBC,WE",False,,,,
1104363,1254,"ST,WE","ST,WE",True,POST-17,ST,GE,Vertical
1110750,1255,BC,OBC,False,,,,
1104277,1256,BC,OBC,False,,,,
1100821,1257,"ST,RG","ST,RG",True,POST-17,ST,GE,Vertical
1103221,1258,"BC,WE,DV","OBC,WE,DV",True,POST-12,UR,DV,UR
1113365,1259,"EWS,WE","EWS,WE",False,,,,
1107580,1260,MB,MBC,False,,,,
1100963,1261,"BC,LD","OBC,LD",False,,,,
1118364,1262,"EWS,WE","EWS,WE",False,,,,
1113238,1263,"BC,WE","OBC,WE",False,,,,
1113296,1264,"BC,WE","OBC,WE",False,,,,
1106564,1265,"BC,WE,RG","OBC,WE,RG",False,,,,
1100791,1266,BC,OBC,False,,,,
1110840,1267,"MB,WE,RG","MBC,WE,RG",True,POST-19,MBC,"GE, WE",Vertical
1100228,1268,"BC,WE,ME,RG","OBC,WE,ME,RG",False,,,,
1120012,1269,EWS,EWS,False,,,,
1107925,1270,"BC,WE","OBC,WE",False,,,,
1103424,1271,SC,SC,True,POST-9,SC,GE,Vertical
1100208,1272,"BC,WE","OBC,WE",False,,,,
1107139,1273,"GE,WE","GE,WE",False,,,,
1103407,1274,"BC,WE,NG,RG","OBC,WE,NG,RG",False,,,,
1101705,1275,GE,GE,False,,,,
1100340,1276,"BC,RG","OBC,RG",False,,,,
1105567,1277,SC,SC,True,POST-11,SC,GE,Vertical
1115319,1278,"BC,NG,RG","OBC,NG,RG",False,,,,
1114955,1279,"BC,NG","OBC,NG",False,,,,
1103468,1280,"ST,RG","ST,RG",True,POST-17,ST,GE,Vertical
1113249,1281,"BC,WE","OBC,WE",False,,,,
1100405,1282,BC,OBC,False,,,,
1120118,1283,"SC,WE","SC,WE",True,POST-3,SC,"GE, WE",Vertical
1101194,1284,MB,MBC,False,,,,
1114887,1285,BC,OBC,False,,,,
1102205,1286,BC,OBC,False,,,,
1104275,1287,"BC,WE","OBC,WE",False,,,,
1103215,1288,BC,OBC,False,,,,
1117435,1289,"GE,NG","GE,NG",False,,,,
1106293,1290,"EWS,RG","EWS,RG",False,,,,
1119216,1291,SC,SC,True,POST-11,SC,GE,Vertical
1100169,1292,"BC,RG","OBC,RG",False,,,,
1110431,1293,"BC,NG,RG","OBC,NG,RG",False,,,,
1108939,1294,"ST,WE,RG","ST,WE,RG",True,POST-17,ST,"GE, WE",Vertical
1113747,1295,BC,OBC,False,,,,
1113020,1296,SC,SC,True,POST-12,SC,GE,Vertical
1117390,1297,SC,SC,True,POST-12,SC,GE,Vertical
1103393,1298,"BC,WE,RG","OBC,WE,RG",False,,,,
1113582,1299,"BC,WE","OBC,WE",False,,,,
1107675,1300,"BC,WE","OBC,WE",False,,,,
1118801,1301,GE,GE,False,,,,
1112805,1302,ST,ST,True,POST-19,ST,GE,Vertical
1108357,1303,BC,OBC,False,,,,
1104674,1304,"ST,WE","ST,WE",True,POST-17,ST,"GE, WE",Vertical
1107738,1305,"MB,WE,RG","MBC,WE,RG",True,POST-25,MBC,"GE, WE",Vertical
1104834,1306,ST,ST,True,POST-19,ST,GE,Vertical
1102490,1307,EWS,EWS,False,,,,
1100043,1308,"MB,WE","MBC,WE",True,POST-33,MBC,"GE, WE",Vertical
1104165,1309,"ST,WE","ST,WE",True,POST-17,ST,"GE, WE",Vertical
1112792,1310,"GE,WE","GE,WE",False,,,,
1105999,1311,"EWS,WE","EWS,WE",False,,,,
1113358,1312,SC,SC,True,POST-12,SC,GE,Vertical
1103377,1313,"BC,WE","OBC,WE",False,,,,
1103116,1314,"BC,RG","OBC,RG",False,,,,
1115613,1315,SC,SC,True,POST-12,SC,GE,Vertical
1117712,1316,BC,OBC,False,,,,
1115651,1317,SC,SC,True,POST-12,SC,GE,Vertical
1105725,1318,"ST,NG,RG","ST,NG,RG",True,POST-19,ST,GE,Vertical
1105607,1319,"ST,NG,RG","ST,NG,RG",True,POST-19,ST,GE,Vertical
1104355,1320,ST,ST,True,POST-19,ST,GE,Vertical
1112376,1321,"BC,WE,RG","OBC,WE,RG",False,,,,
1106308,1322,"BC,WE","OBC,WE",False,,,,
1115922,1323,BC,OBC,False,,,,
1103651,1324,BC,OBC,False,,,,
1111193,1325,"BC,RG","OBC,RG",False,,,,
1100005,1326,"BC,WE","OBC,WE",False,,,,
1107366,1327,EWS,EWS,False,,,,
1112343,1328,"BC,WE","OBC,WE",False,,,,
1111009,1329,ST,ST,True,POST-19,ST,GE,Vertical
1104139,1330,"GE,NG,RG","GE,NG,RG",False,,,,
1120196,1331,"SC,RG","SC,RG",True,POST-13,SC,GE,Vertical
1106145,1332,"BC,WE","OBC,WE",False,,,,
1101962,1333,"BC,WE","OBC,WE",False,,,,
1111251,1334,"MB,RG","MBC,RG",False,,,,
1103129,1335,SC,SC,True,POST-14,SC,GE,Vertical
1101728,1336,"BC,WE","OBC,WE",False,,,,
1110685,1337,GE,GE,False,,,,
1107796,1338,"GE,WE","GE,WE",False,,,,
1104811,1339,BC,OBC,False,,,,
1112122,1340,"BC,RG","OBC,RG",False,,,,
1111888,1341,"SC,WE","SC,WE",True,POST-3,SC,"GE, WE",Vertical
1109096,1342,BC,OBC,False,,,,
1105971,1343,GE,GE,False,,,,
1110426,1344,SC,SC,True,POST-17,SC,GE,Vertical
1110149,1345,"BC,WE","OBC,WE",False,,,,
1100358,1346,"BC,WE","OBC,WE",False,,,,
1106769,1347,GE,GE,False,,,,
1112005,1348,BC,OBC,False,,,,
1100910,1349,BC,OBC,False,,,,
1116930,1350,BC,OBC,False,,,,
1101647,1351,EWS,EWS,False,,,,
1118914,1352,EWS,EWS,False,,,,
1110163,1353,BC,OBC,False,,,,
1100530,1354,"BC,DC,ME,RG","OBC,DC,ME,RG",False,,,,
1104176,1355,BC,OBC,False,,,,
1103436,1356,MB,MBC,False,,,,
1110704,1357,"SC,RG","SC,RG",True,POST-17,SC,GE,Vertical
1100825,1358,EWS,EWS,False,,,,
1108551,1359,"EWS,WE","EWS,WE",False,,,,
1120394,1360,"BC,WE,TSP-UR","OBC,WE,TSP-UR",False,,,,
1107216,1361,"GE,EX","GE,EX",True,POST-17,UR,EX,UR
1107032,1362,"GE,WE,NG,RG","GE,WE,NG,RG",False,,,,
1105466,1363,BC,OBC,False,,,,
1116217,1364,"EWS,WE,TSP-UR","EWS,WE,TSP-UR",False,,,,
1112725,1365,"GE,WE","GE,WE",False,,,,
1111446,1366,"EWS,WE","EWS,WE",False,,,,
1110981,1367,ST,ST,True,POST-19,ST,GE,Vertical
1100749,1368,"GE,WE,RG","GE,WE,RG",False,,,,
1103581,1369,"BC,ME,RG","OBC,ME,RG",False,,,,
1100588,1370,BC,OBC,False,,,,
1111514,1371,"GE,EX","GE,EX",True,POST-17,UR,EX,UR
1117771,1372,BC,OBC,False,,,,
1120172,1373,"BC,WE","OBC,WE",False,,,,
1100829,1374,BC,OBC,False,,,,
1103356,1375,"EWS,WE,RG","EWS,WE,RG",False,,,,
1117617,1376,BC,OBC,False,,,,
1100666,1377,"GE,WE","GE,WE",False,,,,
1109906,1378,"GE,WE","GE,WE",False,,,,
1105751,1379,"BC,EX","OBC,EX",True,POST-17,UR,EX,UR
1108997,1380,"GE,EX","GE,EX",True,POST-17,UR,EX,UR
1106662,1381,"BC,WE,WD","OBC,WE,WD",True,POST-1,UR,WD,UR
1108779,1382,"MB,WE","MBC,WE",False,,,,
1100788,1383,SC,SC,True,POST-17,SC,GE,Vertical
1105890,1384,"GE,WE","GE,WE",False,,,,
1105451,1385,"BC,WE,RG","OBC,WE,RG",False,,,,
1106905,1386,SC,SC,True,POST-17,SC,GE,Vertical
1100004,1387,"EWS,WE,WD,RG","EWS,WE,WD,RG",True,POST-1,UR,WD,UR
1120235,1388,"GE,ME,RG,TSP-UR","GE,ME,RG,TSP-UR",False,,,,
1104288,1389,"SC,WE","SC,WE",True,POST-8,SC,"GE, WE",Vertical
1116746,1390,"BC,RG","OBC,RG",False,,,,
1115044,1391,SC,SC,True,POST-17,SC,GE,Vertical
1120171,1392,"BC,WE,DV","OBC,WE,DV",True,POST-17,UR,DV,UR
1110860,1393,"EWS,WE","EWS,WE",False,,,,
1105920,1394,"GE,WE","GE,WE",False,,,,
1105717,1395,"MB,ME","MBC,ME",False,,,,
1116913,1396,SC,SC,True,POST-17,SC,GE,Vertical
1100634,1397,"EWS,WE,DV,RG","EWS,WE,DV,RG",True,POST-17,UR,DV,UR
1105772,1398,EWS,EWS,False,,,,
1105033,1399,"SC,WE","SC,WE",True,POST-9,SC,"GE, WE",Vertical
1105620,1400,"ST,WE,NG","ST,WE,NG",True,POST-17,ST,"GE, WE",Vertical
1116421,1401,"EWS,NG,RG","EWS,NG,RG",False,,,,
1111068,1402,GE,GE,False,,,,
1101272,1403,"GE,WE","GE,WE",False,,,,
1106264,1404,MB,MBC,False,,,,
1100094,1405,MB,MBC,False,,,,
1101112,1406,MB,MBC,False,,,,
1113285,1407,"ST,WE","ST,WE",True,POST-17,ST,"GE, WE",Vertical
1102322,1408,"BC,RG","OBC,RG",False,,,,
1108539,1409,"ST,RG","ST,RG",True,POST-22,ST,GE,Vertical
1102255,1410,"SC,NG,RG","SC,NG,RG",True,POST-17,SC,GE,Vertical
1101574,1411,BC,OBC,False,,,,
1100323,1412,"BC,WE","OBC,WE",False,,,,
1104716,1413,GE,GE,False,,,,
1106117,1414,"BC,NG,RG","OBC,NG,RG",False,,,,
1100052,1415,"ST,WE","ST,WE",True,POST-19,ST,"GE, WE",Vertical
1103840,1416,"BC,WE","OBC,WE",False,,,,
1100990,1417,EWS,EWS,False,,,,
1102028,1418,BC,OBC,False,,,,
1103521,1419,"EWS,NG,RG","EWS,NG,RG",False,,,,
1108435,1420,"EWS,WE","EWS,WE",False,,,,
1113339,1421,"BC,NG,RG","OBC,NG,RG",False,,,,
1116041,1422,"BC,ME","OBC,ME",False,,,,
1104964,1423,SC,SC,True,POST-17,SC,GE,Vertical
1106823,1424,"EWS,WE","EWS,WE",False,,,,
1104191,1425,"BC,WE","OBC,WE",False,,,,
1117172,1426,"BC,RG","OBC,RG",False,,,,
1103986,1427,BC,OBC,False,,,,
1108352,1428,"BC,WE,NG","OBC,WE,NG",False,,,,
1105204,1429,GE,GE,False,,,,
1107394,1430,ST,ST,True,POST-22,ST,GE,Vertical
1100689,1431,"BC,WE","OBC,WE",False,,,,
1110956,1432,BC,OBC,False,,,,
1108586,1433,"ST,WE","ST,WE",True,POST-19,ST,"GE, WE",Vertical
1119838,1434,"GE,WE","GE,WE",False,,,,
1106909,1435,"ST,RG","ST,RG",True,POST-23,ST,GE,Vertical
1108264,1436,"BC,RG","OBC,RG",False,,,,
1106900,1437,EWS,EWS,False,,,,
1104776,1438,ST,ST,True,POST-23,ST,GE,Vertical
1112642,1439,ST,ST,True,POST-23,ST,GE,Vertical
1119829,1440,BC,OBC,False,,,,
1103858,1441,GE,GE,False,,,,
1111203,1442,"BC,WE","OBC,WE",False,,,,
1119041,1443,"GE,NG,RG","GE,NG,RG",False,,,,
1101348,1444,"EWS,ME,RG","EWS,ME,RG",False,,,,
1113653,1445,"BC,RG","OBC,RG",False,,,,
1100844,1446,SC,SC,True,POST-17,SC,GE,Vertical
1102164,1447,"SC,WE,ME,RG","SC,WE,ME,RG",True,POST-9,SC,"GE, WE",Vertical
1100596,1448,"EWS,WE","EWS,WE",False,,,,
1104573,1449,ST,ST,True,POST-23,ST,GE,Vertical
1101481,1450,MB,MBC,False,,,,
1109280,1451,"EWS,RG","EWS,RG",False,,,,
1112204,1452,EWS,EWS,False,,,,
1104517,1453,"SC,WE,RG","SC,WE,RG",True,POST-9,SC,"GE, WE",Vertical
1112328,1454,"BC,WE,DV,NG,RG","OBC,WE,DV,NG,RG",True,POST-17,OBC,DV,Vertical
1106171,1455,"BC,WE","OBC,WE",False,,,,
1103198,1456,"BC,RG","OBC,RG",False,,,,
1118752,1457,ST,ST,True,POST-23,ST,GE,Vertical
1111644,1458,"EWS,WE,ME,RG","EWS,WE,ME,RG",False,,,,
1111408,1459,"EWS,WE","EWS,WE",False,,,,
1100954,1460,BC,OBC,False,,,,
1106114,1461,ST,ST,True,POST-25,ST,GE,Vertical
1108640,1462,"BC,WE,LD,NG,RG","OBC,WE,LD,NG,RG",False,,,,
1117927,1463,SC,SC,True,POST-17,SC,GE,Vertical
1111413,1464,GE,GE,False,,,,
1100445,1465,ST,ST,True,POST-26,ST,GE,Vertical
1100346,1466,"SC,RG","SC,RG",True,POST-17,SC,GE,Vertical
1102261,1467,"MB,ME,RG","MBC,ME,RG",False,,,,
1104068,1468,"GE,WE,SP","GE,WE,SP",False,,,,
1101847,1469,BC,OBC,False,,,,
1107952,1470,BC,OBC,False,,,,
1111680,1471,ST,ST,True,POST-26,ST,GE,Vertical
1104366,1472,ST,ST,True,POST-28,ST,GE,Vertical
1113317,1473,BC,OBC,False,,,,
1103449,1474,GE,GE,False,,,,
1100616,1475,"GE,RG","GE,RG",False,,,,
1116183,1476,"GE,RG","GE,RG",False,,,,
1101973,1477,"BC,NG,RG","OBC,NG,RG",False,,,,
1120246,1478,"MB,RG,TSP-UR","MBC,RG,TSP-UR",False,,,,
1112818,1479,BC,OBC,False,,,,
1108926,1480,GE,GE,False,,,,
1115862,1481,EWS,EWS,False,,,,
1111481,1482,"BC,WE","OBC,WE",False,,,,
1104908,1483,"ST,WE","ST,WE",True,POST-23,ST,"GE, WE",Vertical
1108574,1484,"EWS,WE","EWS,WE",False,,,,
1105003,1485,BC,OBC,False,,,,
1101731,1486,"GE,RG","GE,RG",False,,,,
1114590,1487,"GE,RG","GE,RG",False,,,,
1104765,1488,"GE,WE","GE,WE",False,,,,
1100278,1489,"ST,RG","ST,RG",True,POST-33,ST,GE,Vertical
1110941,1490,"BC,WE","OBC,WE",False,,,,
1100253,1491,SC,SC,True,POST-17,SC,GE,Vertical
1106532,1492,EWS,EWS,False,,,,
1105349,1493,"SC,RG","SC,RG",True,POST-17,SC,GE,Vertical
1113548,1494,"SC,RG","SC,RG",True,POST-17,SC,GE,Vertical
1101609,1495,BC,OBC,False,,,,
1119983,1496,"BC,TSP-UR","OBC,TSP-UR",False,,,,
1108218,1497,"EWS,WE","EWS,WE",False,,,,
1120314,1498,"SC,WE","SC,WE",True,POST-9,SC,"GE, WE",Vertical
1104320,1499,"ST,RG","ST,RG",True,POST-33,ST,GE,Vertical
1120385,1500,"BC,RG,TSP-UR","OBC,RG,TSP-UR",False,,,,
1101745,1501,ST,ST,False,,,,
1101708,1502,"BC,WE","OBC,WE",False,,,,
1115126,1503,BC,OBC,False,,,,
1109207,1504,"SC,WE","SC,WE",True,POST-12,SC,"GE, WE",Vertical
1119174,1505,"GE,WE,NG,RG","GE,WE,NG,RG",False,,,,
1101077,1506,GE,GE,False,,,,
1101274,1507,SC,SC,True,POST-17,SC,GE,Vertical
1108963,1508,BC,OBC,False,,,,
1104244,1509,"ST,RG","ST,RG",False,,,,
1101801,1510,"MB,WE","MBC,WE",False,,,,
1118011,1511,BC,OBC,False,,,,
1102548,1512,"BC,WE","OBC,WE",False,,,,
1102388,1513,BC,OBC,False,,,,
1106568,1514,SC,SC,True,POST-17,SC,GE,Vertical
1113681,1515,ST,ST,False,,,,
1112325,1516,ST,ST,False,,,,
1109668,1517,MB,MBC,False,,,,
1103201,1518,"ST,RG","ST,RG",False,,,,
1103349,1519,SC,SC,True,POST-17,SC,GE,Vertical
1118872,1520,"ST,WE","ST,WE",True,POST-23,ST,"GE, WE",Vertical
1108262,1521,"GE,WE","GE,WE",False,,,,
1114908,1522,"BC,RG","OBC,RG",False,,,,
1109635,1523,BC,OBC,False,,,,
1106186,1524,BC,OBC,False,,,,
1113577,1525,"GE,RG","GE,RG",False,,,,
1103419,1526,"ST,WE,RG","ST,WE,RG",True,POST-33,ST,"GE, WE",Vertical
1103041,1527,"BC,WE","OBC,WE",False,,,,
1110963,1528,ST,ST,False,,,,
1102151,1529,"BC,WE","OBC,WE",False,,,,
1109495,1530,"SC,RG","SC,RG",True,POST-17,SC,GE,Vertical
1114930,1531,"BC,EX","OBC,EX",True,POST-17,UR,EX,UR
1112110,1532,"SC,WE,RG","SC,WE,RG",True,POST-12,SC,"GE, WE",Vertical
1117865,1533,SC,SC,True,POST-17,SC,GE,Vertical
1100191,1534,BC,OBC,False,,,,
1108416,1535,SC,SC,True,POST-17,SC,GE,Vertical
1100006,1536,"BC,RG","OBC,RG",False,,,,
1108410,1537,"GE,WE,LV,RG","GE,WE,LV,RG",False,,,,
1109047,1538,MB,MBC,False,,,,
1109356,1539,"EWS,WE","EWS,WE",False,,,,
1106351,1540,"BC,EX","OBC,EX",True,POST-17,OBC,EX,Vertical
1111289,1541,"SC,EX","SC,EX",True,POST-3,SC,EX,Vertical
1103941,1542,"GE,WE,DV","GE,WE,DV",True,POST-19,UR,DV,UR
1109453,1543,"EWS,EX","EWS,EX",True,POST-17,EWS,EX,Vertical
1100764,1544,BC,OBC,False,,,,
1113082,1545,MB,MBC,False,,,,
1110962,1546,ST,ST,False,,,,
1101630,1547,"SC,RG","SC,RG",True,POST-17,SC,GE,Vertical
1111077,1548,SC,SC,True,POST-17,SC,GE,Vertical
1101092,1549,"BC,RG","OBC,RG",False,,,,
1116222,1550,SC,SC,True,POST-19,SC,GE,Vertical
1106945,1551,ST,ST,False,,,,
1108883,1552,"BC,ME,RG","OBC,ME,RG",False,,,,
1110973,1553,"EWS,WE","EWS,WE",False,,,,
1105537,1554,"SC,NG,RG","SC,NG,RG",True,POST-19,SC,GE,Vertical
1114897,1555,"BC,NG","OBC,NG",False,,,,
1107784,1556,BC,OBC,False,,,,
1120181,1557,GE,GE,False,,,,
1103771,1558,"ST,ME","ST,ME",False,,,,
1100946,1559,BC,OBC,False,,,,
1107401,1560,BC,OBC,False,,,,
1101402,1561,"BC,RG","OBC,RG",False,,,,
1117127,1562,"BC,RG","OBC,RG",False,,,,
1100139,1563,"ST,RG","ST,RG",False,,,,
1111477,1564,"BC,DC,ME","OBC,DC,ME",False,,,,
1105527,1565,"MB,WE","MBC,WE",False,,,,
1105957,1566,SC,SC,True,POST-19,SC,GE,Vertical
1111892,1567,"BC,ME,RG","OBC,ME,RG",False,,,,
1102561,1568,ST,ST,False,,,,
1101214,1569,BC,OBC,False,,,,
1116233,1570,SC,SC,True,POST-19,SC,GE,Vertical
1115592,1571,BC,OBC,False,,,,
1100737,1572,"BC,WE","OBC,WE",False,,,,
1104185,1573,"MB,WE","MBC,WE",False,,,,
1117733,1574,BC,OBC,False,,,,
1111932,1575,"ST,WE","ST,WE",False,,,,
1103199,1576,"BC,WE","OBC,WE",False,,,,
1102002,1577,SC,SC,True,POST-19,SC,GE,Vertical
1117211,1578,"GE,WE","GE,WE",False,,,,
1111497,1579,ST,ST,False,,,,
1100224,1580,"ST,LD,NG,RG","ST,LD,NG,RG",False,,,,
1100763,1581,"BC,EX","OBC,EX",True,POST-17,OBC,EX,Vertical
1106213,1582,ST,ST,False,,,,
1112838,1583,GE,GE,False,,,,
1112197,1584,"ST,WE","ST,WE",False,,,,
1105785,1585,BC,OBC,False,,,,
1105665,1586,"ST,RG","ST,RG",False,,,,
1118832,1587,"GE,WE","GE,WE",False,,,,
1102035,1588,"MB,RG","MBC,RG",False,,,,
1113029,1589,ST,ST,False,,,,
1108501,1590,ST,ST,False,,,,
1112549,1591,"BC,WE,RG","OBC,WE,RG",False,,,,
1120003,1592,BC,OBC,False,,,,
1113946,1593,"BC,WE","OBC,WE",False,,,,
1100280,1594,"BC,WE,RG","OBC,WE,RG",False,,,,
1119859,1595,"GE,RG,TSP-UR","GE,RG,TSP-UR",False,,,,
1108442,1596,ST,ST,False,,,,
1108295,1597,"ST,WE","ST,WE",False,,,,
1105496,1598,"GE,WE","GE,WE",False,,,,
1106465,1599,ST,ST,False,,,,
1100622,1600,"SC,WE","SC,WE",True,POST-13,SC,"GE, WE",Vertical
1116236,1601,"BC,LD","OBC,LD",False,,,,
1118894,1602,GE,GE,False,,,,
1114941,1603,"BC,WE","OBC,WE",False,,,,
1102552,1604,SC,SC,True,POST-19,SC,GE,Vertical
1117368,1605,"GE,WE","GE,WE",False,,,,
1113177,1606,"BC,EX","OBC,EX",True,POST-17,OBC,EX,Vertical
1105343,1607,"BC,RG","OBC,RG",False,,,,
1101545,1608,"BC,LD","OBC,LD",False,,,,
1112090,1609,"ST,RG","ST,RG",False,,,,
1103226,1610,"ST,WE","ST,WE",False,,,,
1111302,1611,ST,ST,False,,,,
1103421,1612,"SC,WE","SC,WE",True,POST-17,SC,"GE, WE",Vertical
1120127,1613,ST,ST,False,,,,
1100196,1614,"SC,DC,ME","SC,DC,ME",True,POST-19,SC,GE,Vertical
1110513,1615,"GE,EX","GE,EX",True,POST-19,UR,EX,UR
1104666,1616,SC,SC,True,POST-19,SC,GE,Vertical
1101501,1617,"BC,LD,RG","OBC,LD,RG",False,,,,
1105547,1618,"GE,WE","GE,WE",False,,,,
1116383,1619,BC,OBC,False,,,,
1101339,1620,"BC,WE,DV,RG","OBC,WE,DV,RG",True,POST-25,UR,DV,UR
1105236,1621,"MB,ME,NG,RG","MBC,ME,NG,RG",False,,,,
1107799,1622,"SC,WE","SC,WE",True,POST-17,SC,"GE, WE",Vertical
1106951,1623,SC,SC,True,POST-19,SC,GE,Vertical
1107069,1624,"BC,WE","OBC,WE",False,,,,
1100496,1625,"SC,WE","SC,WE",True,POST-17,SC,"GE, WE",Vertical
1106349,1626,"BC,WE","OBC,WE",False,,,,
1117148,1627,"BC,WE","OBC,WE",False,,,,
1100386,1628,"MB,ME,RG","MBC,ME,RG",False,,,,
1113206,1629,"GE,EX","GE,EX",True,POST-19,UR,EX,UR
1117482,1630,"SC,NG","SC,NG",True,POST-19,SC,GE,Vertical
1104243,1631,"BC,WE","OBC,WE",False,,,,
1116701,1632,"GE,DC,ME,NG,RG","GE,DC,ME,NG,RG",False,,,,
1113353,1633,"BC,DC,ME","OBC,DC,ME",False,,,,
1105473,1634,"GE,EX","GE,EX",True,POST-19,UR,EX,UR
1104002,1635,"SC,NG,RG","SC,NG,RG",True,POST-19,SC,GE,Vertical
1109006,1636,ST,ST,False,,,,
1115137,1637,"BC,RG","OBC,RG",False,,,,
1107395,1638,"ST,NG","ST,NG",False,,,,
1100514,1639,"MB,NG,RG","MBC,NG,RG",False,,,,
1114618,1640,"SC,NG","SC,NG",True,POST-22,SC,GE,Vertical
1104117,1641,SC,SC,True,POST-23,SC,GE,Vertical
1115073,1642,"SC,WE","SC,WE",True,POST-17,SC,"GE, WE",Vertical
1115088,1643,"BC,WE,DV","OBC,WE,DV",False,,,,
1110666,1644,"BC,EX","OBC,EX",True,POST-19,UR,EX,UR
1109278,1645,SC,SC,True,POST-23,SC,GE,Vertical
1100977,1646,SC,SC,True,POST-23,SC,GE,Vertical
1114852,1647,"SC,RG","SC,RG",True,POST-23,SC,GE,Vertical
1101779,1648,"BC,EX","OBC,EX",True,POST-19,OBC,EX,Vertical
1104146,1649,"EWS,WE,RG","EWS,WE,RG",False,,,,
1103052,1650,"SC,EX","SC,EX",True,POST-17,SC,EX,Vertical
1106062,1651,"MB,WE","MBC,WE",False,,,,
1105757,1652,"BC,WE","OBC,WE",False,,,,
1117357,1653,"SC,WE","SC,WE",True,POST-17,SC,"GE, WE",Vertical
1107621,1654,"BC,EX","OBC,EX",True,POST-19,OBC,EX,Vertical
1105918,1655,ST,ST,False,,,,
1108887,1656,SC,SC,True,POST-23,SC,GE,Vertical
1120204,1657,"GE,RG,TSP-UR","GE,RG,TSP-UR",False,,,,
1109248,1658,"SC,WE,NG,RG","SC,WE,NG,RG",True,POST-19,SC,"GE, WE",Vertical
1104134,1659,BC,OBC,False,,,,
1118788,1660,SC,SC,True,POST-23,SC,GE,Vertical
1113781,1661,"BC,EX","OBC,EX",True,POST-25,UR,EX,UR
1107011,1662,"SC,WE","SC,WE",True,POST-19,SC,"GE, WE",Vertical
1101054,1663,"ST,WE","ST,WE",False,,,,
1100662,1664,"GE,EX","GE,EX",True,POST-25,UR,EX,UR
1106923,1665,"GE,EX","GE,EX",True,POST-25,UR,EX,UR
1103462,1666,"BC,EX","OBC,EX",True,POST-25,OBC,EX,Vertical
1111006,1667,ST,ST,False,,,,
1111478,1668,SC,SC,True,POST-23,SC,GE,Vertical
1101766,1669,"GE,WE,DV,NG,RG","GE,WE,DV,NG,RG",False,,,,
1101095,1670,"GE,LV","GE,LV",False,,,,
1101219,1671,SC,SC,True,POST-25,SC,GE,Vertical
1114695,1672,SC,SC,True,POST-25,SC,GE,Vertical
1120023,1673,"GE,WE,TSP-UR","GE,WE,TSP-UR",False,,,,
1112242,1674,"SC,NG","SC,NG",True,POST-26,SC,GE,Vertical
1101320,1675,"MB,WE","MBC,WE",False,,,,
1109282,1676,SC,SC,True,POST-28,SC,GE,Vertical
1109015,1677,"BC,WE","OBC,WE",False,,,,
1105744,1678,SC,SC,True,POST-30,SC,GE,Vertical
1109055,1679,"SC,WE","SC,WE",True,POST-19,SC,"GE, WE",Vertical
1104194,1680,"BC,WE,DV","OBC,WE,DV",False,,,,
1100519,1681,"ST,RG","ST,RG",False,,,,
1103063,1682,"BC,WE,DV","OBC,WE,DV",False,,,,
1102116,1683,SC,SC,True,POST-32,SC,GE,Vertical
1110165,1684,SC,SC,True,POST-33,SC,GE,Vertical
1112807,1685,"BC,WE,DV,NG,RG","OBC,WE,DV,NG,RG",False,,,,
1105011,1686,"BC,EX","OBC,EX",False,,,,
1106081,1687,"GE,EX","GE,EX",False,,,,
1120480,1688,"GE,RG,TSP-UR","GE,RG,TSP-UR",False,,,,
1105493,1689,"ST,RG","ST,RG",False,,,,
1107891,1690,"GE,WE,WD","GE,WE,WD",True,POST-2,UR,WD,UR
1106812,1691,ST,ST,False,,,,
1110720,1692,SC,SC,True,POST-33,SC,GE,Vertical
1112958,1693,"SC,WE","SC,WE",True,POST-19,SC,"GE, WE",Vertical
1104239,1694,"SC,WE","SC,WE",True,POST-19,SC,"GE, WE",Vertical
1114761,1695,SC,SC,True,POST-33,SC,GE,Vertical
1120045,1696,SC,SC,False,,,,
1109399,1697,ST,ST,False,,,,
1110723,1698,"EWS,EX","EWS,EX",True,POST-17,EWS,EX,Vertical
1106794,1699,SC,SC,False,,,,
1101652,1700,"SC,WE","SC,WE",True,POST-23,SC,"GE, WE",Vertical
1118272,1701,"TSP-ST,NG,RG","TSP-ST,NG,RG",False,,,,
1112769,1702,"BC,EX","OBC,EX",False,,,,
1111738,1703,"ST,WE","ST,WE",False,,,,
1104035,1704,"BC,EX","OBC,EX",False,,,,
1113898,1705,ST,ST,False,,,,
1115087,1706,SC,SC,False,,,,
1120022,1707,"BC,TSP-UR","OBC,TSP-UR",False,,,,
1105228,1708,SC,SC,False,,,,
1102199,1709,SC,SC,False,,,,
1102356,1710,"SC,RG","SC,RG",False,,,,
1100958,1711,"SC,RG","SC,RG",False,,,,
1105560,1712,"BC,WE,DV,RG","OBC,WE,DV,RG",False,,,,
1108670,1713,"ST,NG,RG","ST,NG,RG",False,,,,
1109737,1714,SC,SC,False,,,,
1115740,1715,"BC,EX","OBC,EX",False,,,,
1111826,1716,"GE,WE,WD","GE,WE,WD",True,POST-2,UR,WD,UR
1109279,1717,ST,ST,False,,,,
1103038,1718,SC,SC,False,,,,
1112217,1719,"ST,WE","ST,WE",False,,,,
1100657,1720,"SC,WE","SC,WE",True,POST-23,SC,"GE, WE",Vertical
1100969,1721,SC,SC,False,,,,
1101030,1722,SC,SC,False,,,,
1109362,1723,SC,SC,False,,,,
1109832,1724,SC,SC,False,,,,
1114763,1725,"GE,LD","GE,LD",False,,,,
1105111,1726,"BC,EX","OBC,EX",False,,,,
1103289,1727,"EWS,WE,DC,ME,RG","EWS,WE,DC,ME,RG",False,,,,
1100105,1728,"GE,EX","GE,EX",False,,,,
1111914,1729,"BC,EX","OBC,EX",False,,,,
1105928,1730,"ST,WE","ST,WE",False,,,,
1100665,1731,SC,SC,False,,,,
1108924,1732,ST,ST,False,,,,
1117946,1733,"BC,WE,DV","OBC,WE,DV",False,,,,
1108986,1734,"BC,LD,RG","OBC,LD,RG",False,,,,
1108164,1735,"SC,WE,RG","SC,WE,RG",True,POST-25,SC,"GE, WE",Vertical
1100245,1736,SC,SC,False,,,,
1108123,1737,ST,ST,False,,,,
1115620,1738,"SC,RG","SC,RG",False,,,,
1120254,1739,TSP-ST,TSP-ST,False,,,,
1103573,1740,"SC,WE","SC,WE",True,POST-28,SC,"GE, WE",Vertical
1101717,1741,SC,SC,False,,,,
1100080,1742,"SC,WE","SC,WE",True,POST-30,SC,"GE, WE",Vertical
1112779,1743,"GE,LD","GE,LD",False,,,,
1109468,1744,"GE,WE,DV,RG","GE,WE,DV,RG",False,,,,
1104492,1745,"ST,WE,RG","ST,WE,RG",False,,,,
1118560,1746,"ST,WE,DV","ST,WE,DV",False,,,,
1120217,1747,"TSP-ST,WE","TSP-ST,WE",False,,,,
1107489,1748,"BC,EX","OBC,EX",False,,,,
1104549,1749,"BC,EX","OBC,EX",False,,,,
1113962,1750,"GE,EX","GE,EX",False,,,,
1103624,1751,SC,SC,False,,,,
1109027,1752,"SC,RG","SC,RG",False,,,,
1100580,1753,"EWS,EX","EWS,EX",True,POST-19,EWS,EX,Vertical
1103171,1754,"SC,NG,RG","SC,NG,RG",False,,,,
1112752,1755,"SC,WE","SC,WE",True,POST-32,SC,"GE, WE",Vertical
1108156,1756,"SC,WE","SC,WE",True,POST-33,SC,"GE, WE",Vertical
1115758,1757,"SC,LV","SC,LV",False,,,,
1109478,1758,"EWS,EX","EWS,EX",False,,,,
1110822,1759,SC,SC,False,,,,
1118734,1760,"BC,SP","OBC,SP",False,,,,
1101677,1761,"GE,EX","GE,EX",False,,,,
1112657,1762,"BC,EX","OBC,EX",False,,,,
1105892,1763,"GE,EX","GE,EX",False,,,,
1108244,1764,"BC,DC,ME,RG","OBC,DC,ME,RG",False,,,,
1100173,1765,SC,SC,False,,,,
1103292,1766,"ST,WE","ST,WE",False,,,,
1113815,1767,"SC,WE,ME,RG","SC,WE,ME,RG",False,,,,
1105931,1768,"BC,EX","OBC,EX",False,,,,
1108766,1769,SC,SC,False,,,,
1114505,1770,SC,SC,False,,,,
1116220,1771,SC,SC,False,,,,
1115155,1772,"GE,WE,DV,RG","GE,WE,DV,RG",False,,,,
1105747,1773,"GE,WE,WD","GE,WE,WD",True,POST-3,UR,WD,UR
1105714,1774,"ST,RG","ST,RG",False,,,,
1113042,1775,SC,SC,False,,,,
1100578,1776,"SC,RG","SC,RG",False,,,,
1109714,1777,"BC,WE,SP","OBC,WE,SP",False,,,,
1101710,1778,"BC,WE,DV","OBC,WE,DV",False,,,,
1115708,1779,SC,SC,False,,,,
1117252,1780,"SC,NG,RG","SC,NG,RG",False,,,,
1108376,1781,"BC,DC,ME,RG","OBC,DC,ME,RG",False,,,,
1117939,1782,SC,SC,False,,,,
1115435,1783,"BC,EX","OBC,EX",False,,,,
1100645,1784,"BC,LD","OBC,LD",False,,,,
1105791,1785,"BC,WE,DV,NG,RG","OBC,WE,DV,NG,RG",False,,,,
1100916,1786,"BC,WE,WD,RG","OBC,WE,WD,RG",True,POST-1,OBC,WD,Vertical
1109260,1787,SC,SC,False,,,,
1117036,1788,SC,SC,False,,,,
1112590,1789,SC,SC,False,,,,
1116548,1790,SC,SC,False,,,,
1108504,1791,"BC,WE,DV","OBC,WE,DV",False,,,,
1104443,1792,"SC,WE","SC,WE",False,,,,
1105034,1793,"BC,DC,ME,NG,RG","OBC,DC,ME,NG,RG",False,,,,
1100572,1794,SC,SC,False,,,,
1104221,1795,"SC,WE,NG,RG","SC,WE,NG,RG",False,,,,
1100446,1796,SC,SC,False,,,,
1109647,1797,"BC,LD","OBC,LD",False,,,,
1119338,1798,"ST,WE,WD,RG","ST,WE,WD,RG",True,POST-3,UR,WD,UR
1101505,1799,"BC,WE,WD,NG,RG","OBC,WE,WD,NG,RG",True,POST-1,OBC,WD,Vertical
1113242,1800,SC,SC,False,,,,
1106955,1801,"BC,EX","OBC,EX",False,,,,
1106563,1802,"BC,WE,LD","OBC,WE,LD",False,,,,
1107539,1803,"SC,EX","SC,EX",True,POST-17,SC,EX,Vertical
1105382,1804,"BC,EX","OBC,EX",False,,,,
1107783,1805,SC,SC,False,,,,
1101226,1806,"BC,WE,DV","OBC,WE,DV",False,,,,
1106475,1807,"BC,EX","OBC,EX",False,,,,
1120154,1808,SC,SC,False,,,,
1101527,1809,"BC,EX","OBC,EX",False,,,,
1118616,1810,"GE,WE,WD","GE,WE,WD",True,POST-3,UR,WD,UR
1100155,1811,"GE,DC,ME,RG","GE,DC,ME,RG",False,,,,
1105040,1812,"BC,WE,DV,NG,RG","OBC,WE,DV,NG,RG",False,,,,
1109508,1813,"BC,WE,DV","OBC,WE,DV",False,,,,
1116861,1814,SC,SC,False,,,,
1103706,1815,"EWS,DC,ME,RG","EWS,DC,ME,RG",False,,,,
1100774,1816,"BC,WE,WD,RG","OBC,WE,WD,RG",True,POST-2,OBC,WD,Vertical
1109560,1817,SC,SC,False,,,,
1102078,1818,"BC,DC,ME,RG","OBC,DC,ME,RG",False,,,,
1107558,1819,SC,SC,False,,,,
1108821,1820,"SC,RG","SC,RG",False,,,,
1103671,1821,"BC,EX","OBC,EX",False,,,,
1119318,1822,"MB,EX","MBC,EX",True,POST-17,MBC,EX,Vertical
1105132,1823,SC,SC,False,,,,
1100497,1824,"SC,WE,RG","SC,WE,RG",False,,,,
1107150,1825,"GE,WE,WD","GE,WE,WD",True,POST-3,UR,WD,UR
1101088,1826,SC,SC,False,,,,
1112100,1827,"BC,EX","OBC,EX",False,,,,
1111273,1828,"GE,EX","GE,EX",False,,,,
1110364,1829,"SC,RG","SC,RG",False,,,,
1113264,1830,"BC,WE,DV","OBC,WE,DV",False,,,,
1102095,1831,"BC,BL","OBC,BL",False,,,,
1103751,1832,"EWS,WE,DC,ME,RG","EWS,WE,DC,ME,RG",False,,,,
1105691,1833,"EWS,DC,ME","EWS,DC,ME",False,,,,
1101266,1834,"SC,WE","SC,WE",False,,,,
1105603,1835,"BC,EX","OBC,EX",False,,,,
1101405,1836,"EWS,WE,DV","EWS,WE,DV",False,,,,
1105996,1837,SC,SC,False,,,,
1106500,1838,"BC,EX","OBC,EX",False,,,,
1103567,1839,"SC,RG","SC,RG",False,,,,
1110637,1840,SC,SC,False,,,,
1105738,1841,"BC,WE,WD","OBC,WE,WD",True,POST-3,OBC,WD,Vertical
1110779,1842,SC,SC,False,,,,
1118053,1843,SC,SC,False,,,,
1105787,1844,"BC,WE,DV,RG","OBC,WE,DV,RG",False,,,,
1101907,1845,"EWS,DC,ME,NG,RG","EWS,DC,ME,NG,RG",False,,,,
1108238,1846,SC,SC,False,,,,
1103425,1847,"BC,LV","OBC,LV",False,,,,
1114794,1848,"BC,WE,DV","OBC,WE,DV",False,,,,
1101173,1849,"BC,WE,WD,RG","OBC,WE,WD,RG",True,POST-3,OBC,WD,Vertical
1101768,1850,"SC,WE,RG","SC,WE,RG",False,,,,
1101473,1851,"BC,WE,DV","OBC,WE,DV",False,,,,
1118071,1852,SC,SC,False,,,,
1103085,1853,"GE,LV","GE,LV",False,,,,
1107053,1854,"BC,DC,ME,NG,RG","OBC,DC,ME,NG,RG",False,,,,
1114881,1855,"SC,WE","SC,WE",False,,,,
1120271,1856,TSP-ST,TSP-ST,False,,,,
1118343,1857,"BC,EX","OBC,EX",False,,,,
1104189,1858,"SC,WE","SC,WE",False,,,,
1113310,1859,"ST,WE,DC,ME,RG","ST,WE,DC,ME,RG",False,,,,
1107372,1860,"BC,WE,DV,RG","OBC,WE,DV,RG",False,,,,
1106282,1861,SC,SC,False,,,,
1109240,1862,"ST,EX","ST,EX",True,POST-17,ST,EX,Vertical
1108918,1863,"BC,WE,LD","OBC,WE,LD",False,,,,
1104601,1864,"GE,WE,WD","GE,WE,WD",True,POST-4,UR,WD,UR
1100513,1865,"GE,LV","GE,LV",False,,,,
1120408,1866,"TSP-ST,RG","TSP-ST,RG",False,,,,
1105697,1867,"GE,WE,WD,RG","GE,WE,WD,RG",True,POST-4,UR,WD,UR
1107279,1868,"EWS,WE,DC,ME,RG","EWS,WE,DC,ME,RG",False,,,,
1101426,1869,"BC,EX","OBC,EX",False,,,,
1108949,1870,"GE,WE,WD","GE,WE,WD",True,POST-9,UR,WD,UR
1105370,1871,"BC,EX","OBC,EX",False,,,,
1106402,1872,"BC,DC,ME","OBC,DC,ME",False,,,,
1105919,1873,"MB,DC,ME,RG","MBC,DC,ME,RG",False,,,,
1114983,1874,"BC,EX","OBC,EX",False,,,,
1113600,1875,"GE,EX","GE,EX",False,,,,
1112879,1876,"ST,LV","ST,LV",False,,,,
1109936,1877,"GE,WE,WD","GE,WE,WD",True,POST-9,UR,WD,UR
1100489,1878,"SC,WE,DV","SC,WE,DV",True,POST-1,SC,DV,Vertical
1102502,1879,"SC,WE,DV","SC,WE,DV",True,POST-17,SC,DV,Vertical
1119531,1880,"MB,DC,ME,RG","MBC,DC,ME,RG",False,,,,
1119609,1881,"TSP-ST,WE,RG","TSP-ST,WE,RG",False,,,,
1100090,1882,"BC,WE,WD,RG","OBC,WE,WD,RG",True,POST-4,OBC,WD,Vertical
1109591,1883,"EWS,DC,ME,RG","EWS,DC,ME,RG",False,,,,
1115483,1884,"BC,DC,ME","OBC,DC,ME",False,,,,
1100782,1885,"GE,DC,ME,NG","GE,DC,ME,NG",False,,,,
1103773,1886,"BC,EX","OBC,EX",False,,,,
1102371,1887,"EWS,DC,ME","EWS,DC,ME",False,,,,
1106191,1888,"BC,WE,WD,RG","OBC,WE,WD,RG",True,POST-9,OBC,WD,Vertical
1102167,1889,"BC,WE,WD,RG","OBC,WE,WD,RG",True,POST-12,UR,WD,UR
1119210,1890,"GE,WE,WD,RG","GE,WE,WD,RG",True,POST-12,UR,WD,UR
1119755,1891,"TSP-ST,RG","TSP-ST,RG",False,,,,
1112989,1892,"BC,LV","OBC,LV",False,,,,
1109630,1893,"BC,LD","OBC,LD",False,,,,
1112302,1894,"BC,WE,WD","OBC,WE,WD",True,POST-12,OBC,WD,Vertical
1111101,1895,"BC,WE,LV","OBC,WE,LV",False,,,,
1109243,1896,"BC,WE,WD","OBC,WE,WD",True,POST-17,UR,WD,UR
1120117,1897,"TSP-ST,RG","TSP-ST,RG",False,,,,
1119767,1898,TSP-ST,TSP-ST,False,,,,
1107587,1899,"SC,EX","SC,EX",True,POST-17,SC,EX,Vertical
1106618,1900,"GE,WE,DV","GE,WE,DV",False,,,,
1113982,1901,"GE,WE,WD,RG","GE,WE,WD,RG",True,POST-17,UR,WD,UR
1101241,1902,"SC,DC,ME,RG","SC,DC,ME,RG",False,,,,
1104567,1903,"GE,DC,ME","GE,DC,ME",False,,,,
1102154,1904,"BC,WE,DC,ME,RG","OBC,WE,DC,ME,RG",False,,,,
1100025,1905,"BC,WE,DV,RG","OBC,WE,DV,RG",False,,,,
1115325,1906,"BC,DC,ME,RG","OBC,DC,ME,RG",False,,,,
1104869,1907,"BC,WE,DV","OBC,WE,DV",False,,,,
1113269,1908,"GE,WE,LD","GE,WE,LD",False,,,,
1118227,1909,"BC,DC,ME","OBC,DC,ME",False,,,,
1111411,1910,"BC,WE,WD,RG","OBC,WE,WD,RG",True,POST-17,UR,WD,UR
1108132,1911,"BC,DC,ME,RG","OBC,DC,ME,RG",False,,,,
1113141,1912,"BC,WE,LV","OBC,WE,LV",False,,,,
1108527,1913,"BC,WE,WD,RG","OBC,WE,WD,RG",True,POST-17,UR,WD,UR
1118506,1914,"GE,WE,WD","GE,WE,WD",True,POST-17,UR,WD,UR
1109261,1915,"BC,LV,RG","OBC,LV,RG",False,,,,
1112277,1916,"ST,DC,ME","ST,DC,ME",False,,,,
1101640,1917,"BC,WE,WD","OBC,WE,WD",True,POST-17,UR,WD,UR
1105863,1918,"BC,DC,ME,RG","OBC,DC,ME,RG",False,,,,
1103491,1919,"BC,WE,WD,NG,RG","OBC,WE,WD,NG,RG",True,POST-17,UR,WD,UR
1111690,1920,"GE,DC,ME","GE,DC,ME",False,,,,
1100603,1921,"GE,DC,ME,RG","GE,DC,ME,RG",False,,,,
1116883,1922,"BC,DC,ME","OBC,DC,ME",False,,,,
1100771,1923,"SC,WE,DV,RG","SC,WE,DV,RG",False,,,,
1107215,1924,"SC,DC,ME","SC,DC,ME",False,,,,
1108359,1925,"MB,DC,ME,RG","MBC,DC,ME,RG",False,,,,
1109954,1926,"BC,WE,WD,RG","OBC,WE,WD,RG",True,POST-17,OBC,WD,Vertical
1120099,1927,TSP-ST,TSP-ST,False,,,,
1103742,1928,"SC,DC,ME,RG","SC,DC,ME,RG",False,,,,
1103922,1929,"BC,WE,WD","OBC,WE,WD",True,POST-17,OBC,WD,Vertical
1101086,1930,"BC,WE,WD,NG,RG","OBC,WE,WD,NG,RG",True,POST-19,UR,WD,UR
1106107,1931,"BC,LV","OBC,LV",False,,,,
1107633,1932,"BC,DC,ME","OBC,DC,ME",False,,,,
1119537,1933,"EWS,DC,ME","EWS,DC,ME",False,,,,
1102011,1934,"BC,WE,WD","OBC,WE,WD",True,POST-19,UR,WD,UR
1113245,1935,"ST,DC","ST,DC",False,,,,
1105688,1936,"BC,WE,WD,ME,NG,RG","OBC,WE,WD,ME,NG,RG",True,POST-19,UR,WD,UR
1100885,1937,"GE,WE,WD","GE,WE,WD",True,POST-25,UR,WD,UR
1116758,1938,"BC,LD","OBC,LD",False,,,,
1108272,1939,"GE,WE,WD","GE,WE,WD",True,POST-25,UR,WD,UR
1103039,1940,"EWS,DC,ME","EWS,DC,ME",False,,,,
1105711,1941,"MB,EX,RG","MBC,EX,RG",False,,,,
1110677,1942,"SC,EX","SC,EX",True,POST-19,SC,EX,Vertical
1100867,1943,"GE,BL,RG","GE,BL,RG",False,,,,
1103737,1944,"BC,DC,ME,RG","OBC,DC,ME,RG",False,,,,
1114738,1945,"BC,WE,WD,NG,RG","OBC,WE,WD,NG,RG",True,POST-19,OBC,WD,Vertical
1113006,1946,"ST,WE,LV","ST,WE,LV",False,,,,
1118637,1947,"GE,WE,WD,RG","GE,WE,WD,RG",True,POST-30,UR,WD,UR
1118917,1948,"GE,WE,BL","GE,WE,BL",False,,,,
1100834,1949,"BC,WE,WD,RG","OBC,WE,WD,RG",True,POST-19,OBC,WD,Vertical
1114638,1950,"BC,WE,WD","OBC,WE,WD",True,POST-25,OBC,WD,Vertical
1110425,1951,"EWS,WE,WD","EWS,WE,WD",True,POST-1,EWS,WD,Vertical
1104912,1952,"BC,WE,WD,RG","OBC,WE,WD,RG",True,POST-33,UR,WD,UR
1104568,1953,"BC,DC,ME,RG","OBC,DC,ME,RG",False,,,,
1112084,1954,"GE,WE,WD,RG","GE,WE,WD,RG",False,,,,
1120338,1955,TSP-ST,TSP-ST,False,,,,
1110651,1956,"ST,DC,ME","ST,DC,ME",False,,,,
1109510,1957,"ST,EX","ST,EX",True,POST-17,ST,EX,Vertical
1107782,1958,"EWS,DC,ME,RG","EWS,DC,ME,RG",False,,,,
1118340,1959,"GE,LV,RG","GE,LV,RG",False,,,,
1117767,1960,"EWS,DC,ME,RG","EWS,DC,ME,RG",False,,,,
1106111,1961,"GE,WE,WD","GE,WE,WD",False,,,,
1109104,1962,"BC,WE,WD","OBC,WE,WD",True,POST-33,OBC,WD,Vertical
1100050,1963,"GE,LV,NG,RG","GE,LV,NG,RG",False,,,,
1112538,1964,"BC,WE,WD,RG","OBC,WE,WD,RG",False,,,,
1119965,1965,"GE,DC,ME,RG,TSP-U","GE,DC,ME,RG,TSP-U",False,,,,
1100410,1966,"BC,WE,WD,RG","OBC,WE,WD,RG",False,,,,
1108287,1967,"BC,DC,ME,RG","OBC,DC,ME,RG",False,,,,
1101240,1968,"GE,WE,WD,ME,NG,RG","GE,WE,WD,ME,NG,RG",False,,,,
1109959,1969,"EWS,WE,WD","EWS,WE,WD",True,POST-2,EWS,WD,Vertical
1107065,1970,"BC,WE,WD,RG","OBC,WE,WD,RG",False,,,,
1110923,1971,"GE,DC,ME","GE,DC,ME",False,,,,
1105492,1972,"GE,WE,WD","GE,WE,WD",False,,,,
1106025,1973,"EWS,DC,ME,RG","EWS,DC,ME,RG",False,,,,
1106099,1974,"GE,DC,ME","GE,DC,ME",False,,,,
1103632,1975,"BC,WE,WD,NG,RG","OBC,WE,WD,NG,RG",False,,,,
1105783,1976,"EWS,WE,WD","EWS,WE,WD",True,POST-3,EWS,WD,Vertical
1120226,1977,"TSP-SC,BL","TSP-SC,BL",False,,,,
1119179,1978,"GE,WE,HH,RG","GE,WE,HH,RG",False,,,,
1105222,1979,"ST,EX","ST,EX",True,POST-19,ST,EX,Vertical
1111845,1980,"BC,WE,WD","OBC,WE,WD",False,,,,
1107152,1981,"BC,LV","OBC,LV",False,,,,
1110267,1982,"EWS,WE,WD","EWS,WE,WD",True,POST-9,EWS,WD,Vertical
1106504,1983,"BC,DC,ME,RG","OBC,DC,ME,RG",False,,,,
1109896,1984,"BC,WE,WD,RG","OBC,WE,WD,RG",False,,,,
1101698,1985,"GE,WE,WD","GE,WE,WD",False,,,,
1104362,1986,"ST,DC,ME,RG","ST,DC,ME,RG",False,,,,
1105275,1987,"MB,DC,ME","MBC,DC,ME",False,,,,
1103787,1988,"GE,DC,ME,RG","GE,DC,ME,RG",False,,,,
1112641,1989,"GE,WE,WD,RG","GE,WE,WD,RG",False,,,,
1118154,1990,"BC,WE,WD,RG","OBC,WE,WD,RG",False,,,,
1104585,1991,"MB,WE,WD","MBC,WE,WD",True,POST-17,MBC,WD,Vertical
1120177,1992,"BC,DC,ME,RG,TSP-UR","OBC,DC,ME,RG,TSP-UR",False,,,,
1113048,1993,"GE,WE,WD","GE,WE,WD",False,,,,
1118953,1994,"MB,DC,ME","MBC,DC,ME",False,,,,
1103476,1995,"GE,DC,ME,RG","GE,DC,ME,RG",False,,,,
1103454,1996,"BC,WE,WD,RG","OBC,WE,WD,RG",False,,,,
1110586,1997,"EWS,LV","EWS,LV",False,,,,
1108915,1998,"GE,WE,WD,RG","GE,WE,WD,RG",False,,,,
1109828,1999,"GE,WE,WD","GE,WE,WD",False,,,,
1103873,2000,"BC,WE,WD,NG,RG","OBC,WE,WD,NG,RG",False,,,,
1108260,2001,"EWS,DC,ME,RG","EWS,DC,ME,RG",False,,,,
1106138,2002,"BC,DC,ME","OBC,DC,ME",False,,,,
1110850,2003,"ST,WE,WD,RG","ST,WE,WD,RG",True,POST-3,ST,WD,Vertical
1115861,2004,"BC,WE,WD","OBC,WE,WD",False,,,,
1110603,2005,"BC,WE,WD","OBC,WE,WD",False,,,,
1120042,2006,"GE,WE,WD,ME","GE,WE,WD,ME",False,,,,
1109284,2007,"GE,LD,LV,ME","GE,LD,LV,ME",False,,,,
1118158,2008,"GE,WE,WD,NG","GE,WE,WD,NG",False,,,,
1113778,2009,"BC,WE,WD","OBC,WE,WD",False,,,,
1100484,2010,"BC,DC,ME","OBC,DC,ME",False,,,,
1120250,2011,"GE,WE,EX,TSP-UR","GE,WE,EX,TSP-UR",False,,,,
1108999,2012,"BC,WE,WD","OBC,WE,WD",False,,,,
1101447,2013,"BC,WE,WD","OBC,WE,WD",False,,,,
1102285,2014,"EWS,WE,WD","EWS,WE,WD",True,POST-17,EWS,WD,Vertical
1120414,2015,"BC,LD,TSP-UR","OBC,LD,TSP-UR",False,,,,
1109858,2016,"GE,WE,WD","GE,WE,WD",False,,,,
1120405,2017,"BC,LD,NG,RG,TSP-UR","OBC,LD,NG,RG,TSP-UR",False,,,,
1103093,2018,"EWS,DC,ME,RG","EWS,DC,ME,RG",False,,,,
1118328,2019,"GE,WE,WD","GE,WE,WD",False,,,,
1106259,2020,"BC,WE,WD,RG","OBC,WE,WD,RG",False,,,,
1112142,2021,"ST,EX","ST,EX",False,,,,
1103670,2022,"BC,DC,ME","OBC,DC,ME",False,,,,
1107608,2023,"SC,DC,ME,RG","SC,DC,ME,RG",False,,,,
1110330,2024,"SC,DC,ME,RG","SC,DC,ME,RG",False,,,,
1117479,2025,"SC,WE,WD,RG","SC,WE,WD,RG",True,POST-3,SC,WD,Vertical
1104543,2026,"BC,DC,ME,RG","OBC,DC,ME,RG",False,,,,
1107029,2027,"BC,WE,WD","OBC,WE,WD",False,,,,
1107810,2028,"GE,WE,WD","GE,WE,WD",False,,,,
1109680,2029,"BC,WE,WD,NG,RG","OBC,WE,WD,NG,RG",False,,,,
1103214,2030,"GE,WE,WD,RG","GE,WE,WD,RG",False,,,,
1111195,2031,"EWS,WE,WD","EWS,WE,WD",True,POST-17,EWS,WD,Vertical
1105145,2032,"EWS,WE,WD","EWS,WE,WD",True,POST-19,EWS,WD,Vertical
1117524,2033,"BC,WE,WD,RG","OBC,WE,WD,RG",False,,,,
1103284,2034,"BC,WE,WD","OBC,WE,WD",False,,,,
1101270,2035,"SC,WE,WD","SC,WE,WD",True,POST-3,SC,WD,Vertical
1115682,2036,"BC,WE,WD,RG","OBC,WE,WD,RG",False,,,,
1103713,2037,"GE,WE,WD,RG","GE,WE,WD,RG",False,,,,
1119594,2038,"GE,WE,WD,RG","GE,WE,WD,RG",False,,,,
1109899,2039,"SC,EX","SC,EX",True,POST-19,SC,EX,Vertical
1109062,2040,"GE,WE,WD","GE,WE,WD",False,,,,
1104902,2041,"EWS,WE,WD","EWS,WE,WD",False,,,,
1104973,2042,"BC,WE,WD,RG","OBC,WE,WD,RG",False,,,,
1103423,2043,"SC,EX","SC,EX",True,POST-23,SC,EX,Vertical
1101041,2044,"GE,WE,WD","GE,WE,WD",False,,,,
1100658,2045,"BC,DC,ME","OBC,DC,ME",False,,,,
1110032,2046,"SC,EX","SC,EX",False,,,,
1103658,2047,"GE,WE,WD,RG","GE,WE,WD,RG",False,,,,
1120379,2048,"GE,WE,WD,NG,RG,TSP-UR","GE,WE,WD,NG,RG,TSP-UR",False,,,,
1103943,2049,"BC,WE,WD","OBC,WE,WD",False,,,,
1106319,2050,"BC,WE,WD,RG","OBC,WE,WD,RG",False,,,,
1102273,2051,"ST,DC,ME","ST,DC,ME",False,,,,
1106435,2052,"EWS,WE,WD","EWS,WE,WD",False,,,,
1114564,2053,"BC,HH,NG","OBC,HH,NG",False,,,,
1113680,2054,"BC,WE,WD,RG","OBC,WE,WD,RG",False,,,,
1100606,2055,"SC,HH,RG","SC,HH,RG",False,,,,
1101260,2056,"BC,DC,ME,RG","OBC,DC,ME,RG",False,,,,
1112264,2057,"SC,DC,ME,RG","SC,DC,ME,RG",False,,,,
1104866,2058,"EWS,WE,WD,NG,RG","EWS,WE,WD,NG,RG",False,,,,
1106208,2059,"BC,WE,WD,RG","OBC,WE,WD,RG",False,,,,
1115586,2060,"GE,WE,WD,RG","GE,WE,WD,RG",False,,,,
1104587,2061,"BC,DC,ME,RG","OBC,DC,ME,RG",False,,,,
1107222,2062,"ST,DC,ME,RG","ST,DC,ME,RG",False,,,,
1106692,2063,"BC,WE,WD","OBC,WE,WD",False,,,,
1106476,2064,"GE,WE,WD,RG","GE,WE,WD,RG",False,,,,
1112791,2065,"EWS,WE,WD","EWS,WE,WD",False,,,,
1101064,2066,"MB,WE,WD","MBC,WE,WD",True,POST-19,MBC,WD,Vertical
1103404,2067,"BC,WE,WD","OBC,WE,WD",False,,,,
1104664,2068,"GE,DC,ME,RG","GE,DC,ME,RG",False,,,,
1115456,2069,"BC,WE,WD,RG","OBC,WE,WD,RG",False,,,,
1100686,2070,"BC,WE,WD,RG","OBC,WE,WD,RG",False,,,,
1120095,2071,"BC,WE,WD,RG","OBC,WE,WD,RG",False,,,,
1110701,2072,"BC,HH","OBC,HH",False,,,,
1119190,2073,"GE,WE,WD","GE,WE,WD",False,,,,
1101438,2074,"SC,DC,ME","SC,DC,ME",False,,,,
1106530,2075,"GE,DC,ME","GE,DC,ME",False,,,,
1111431,2076,"BC,DC,ME","OBC,DC,ME",False,,,,
1101415,2077,"BC,WE,WD,RG","OBC,WE,WD,RG",False,,,,
1109871,2078,"BC,DC,ME,RG","OBC,DC,ME,RG",False,,,,
1100667,2079,"BC,WE,WD,RG","OBC,WE,WD,RG",False,,,,
1100184,2080,"BC,DC,ME","OBC,DC,ME",False,,,,
1110438,2081,"BC,DC,ME,RG","OBC,DC,ME,RG",False,,,,
1111267,2082,"GE,WE,HH,NG,RG","GE,WE,HH,NG,RG",False,,,,
1113306,2083,"SC,WE,WD,NG,RG","SC,WE,WD,NG,RG",True,POST-4,SC,WD,Vertical
1114635,2084,"BC,DC,ME,RG","OBC,DC,ME,RG",False,,,,
1101187,2085,"BC,WE,WD,RG","OBC,WE,WD,RG",False,,,,
1115667,2086,"BC,WE,WD,RG","OBC,WE,WD,RG",False,,,,
1117460,2087,"GE,WE,WD,RG","GE,WE,WD,RG",False,,,,
1115893,2088,"EWS,WE,WD","EWS,WE,WD",False,,,,
1110508,2089,"GE,DC,ME","GE,DC,ME",False,,,,
1100848,2090,"EWS,WE,WD","EWS,WE,WD",False,,,,
1101454,2091,"BC,WE,WD,RG","OBC,WE,WD,RG",False,,,,
1101735,2092,"BC,WE,WD","OBC,WE,WD",False,,,,
1114532,2093,"GE,LD,LV","GE,LD,LV",False,,,,
1115690,2094,BC,OBC,False,,,,
1104254,2095,"SC,EX","SC,EX",False,,,,
1110922,2096,"BC,WE,WD","OBC,WE,WD",False,,,,
1107770,2097,"BC,WE,WD","OBC,WE,WD",False,,,,
1106672,2098,"EWS,DC,ME,RG","EWS,DC,ME,RG",False,,,,
1108666,2099,"SC,LD,RG","SC,LD,RG",False,,,,
1110244,2100,"SC,EX","SC,EX",False,,,,
1105423,2101,"GE,WE,WD,RG","GE,WE,WD,RG",False,,,,
1107031,2102,"GE,WE,WD","GE,WE,WD",False,,,,
1109643,2103,"EWS,DC,ME,RG","EWS,DC,ME,RG",False,,,,
1119048,2104,"ST,EX","ST,EX",False,,,,
1120401,2105,"GE,BL,TSP-UR","GE,BL,TSP-UR",False,,,,
1113381,2106,"EWS,DC,ME,RG","EWS,DC,ME,RG",False,,,,
1113876,2107,"ST,DC,ME,RG","ST,DC,ME,RG",False,,,,
1119909,2108,"GE,EX,TSP-UR","GE,EX,TSP-UR",False,,,,
1103874,2109,"BC,DC,ME,NG,RG","OBC,DC,ME,NG,RG",False,,,,
1100201,2110,"SC,DC,ME","SC,DC,ME",False,,,,
1106717,2111,"SC,DC,ME,RG","SC,DC,ME,RG",False,,,,
1108502,2112,"ST,DC,ME,RG","ST,DC,ME,RG",False,,,,
1112044,2113,"GE,WE,WD","GE,WE,WD",False,,,,
1103939,2114,"BC,LD,EX","OBC,LD,EX",False,,,,
1106538,2115,"SC,WE,WD","SC,WE,WD",True,POST-9,SC,WD,Vertical
1104006,2116,"BC,HH,RG","OBC,HH,RG",False,,,,
1120439,2117,"GE,WE,WD,RG,TSP-UR","GE,WE,WD,RG,TSP-UR",False,,,,
1108263,2118,"BC,DC,ME","OBC,DC,ME",False,,,,
1104208,2119,"GE,DC,ME","GE,DC,ME",False,,,,
1117342,2120,"SC,WE,WD","SC,WE,WD",True,POST-17,SC,WD,Vertical
1108065,2121,"SC,DC,ME,RG","SC,DC,ME,RG",False,,,,
1102135,2122,"SC,WE,WD","SC,WE,WD",True,POST-17,SC,WD,Vertical
1106527,2123,"ST,WE,WD,RG","ST,WE,WD,RG",True,POST-3,ST,WD,Vertical
1105988,2124,"EWS,DC,ME,RG","EWS,DC,ME,RG",False,,,,
1102513,2125,"SC,WE,WD,NG,RG","SC,WE,WD,NG,RG",True,POST-17,SC,WD,Vertical
1105350,2126,"ST,DC,ME,RG","ST,DC,ME,RG",False,,,,
1110945,2127,"SC,WE,WD,RG","SC,WE,WD,RG",True,POST-19,SC,WD,Vertical
1113661,2128,"SC,WE,WD","SC,WE,WD",True,POST-25,SC,WD,Vertical
1117670,2129,"BC,DC,ME,RG","OBC,DC,ME,RG",False,,,,
1118931,2130,"ST,WE,WD,RG","ST,WE,WD,RG",True,POST-12,ST,WD,Vertical
1101136,2131,"SC,WE,WD","SC,WE,WD",False,,,,
1108130,2132,"SC,WE,WD","SC,WE,WD",False,,,,
1103050,2133,"MB,WE,WD","MBC,WE,WD",False,,,,
1119282,2134,"GE,DC,ME,RG","GE,DC,ME,RG",False,,,,
1112803,2135,"BC,DC,ME","OBC,DC,ME",False,,,,
1107397,2136,"BC,DC,ME","OBC,DC,ME",False,,,,
1107439,2137,"ST,WE,DC,ME","ST,WE,DC,ME",False,,,,
1109600,2138,"SC,WE,WD,RG","SC,WE,WD,RG",False,,,,
1113237,2139,"SC,DC,ME,RG","SC,DC,ME,RG",False,,,,
1120049,2140,"GE,HH,RG","GE,HH,RG",False,,,,
1120362,2141,"TSP-ST,BL","TSP-ST,BL",False,,,,
1101233,2142,"SC,WE,WD,RG","SC,WE,WD,RG",False,,,,
1118575,2143,"SC,WE,WD,NG,RG","SC,WE,WD,NG,RG",False,,,,
1119866,2144,"TSP-ST,WE,WD,NG,RG","TSP-ST,WE,WD,NG,RG",False,,,,
1117862,2145,EWS,EWS,False,,,,
1109281,2146,"BC,LD","OBC,LD",False,,,,
1110038,2147,"SC,DC,ME","SC,DC,ME",False,,,,
1119697,2148,"TSP-ST,WE,DC,ME","TSP-ST,WE,DC,ME",False,,,,
1106997,2149,"ST,WE,WD,RG","ST,WE,WD,RG",True,POST-17,ST,WD,Vertical
1104133,2150,"ST,DC,RG","ST,DC,RG",False,,,,
1105422,2151,"SC,DC,ME,RG","SC,DC,ME,RG",False,,,,
1100917,2152,"MB,RG","MBC,RG",False,,,,
1118940,2153,"BC,NG","OBC,NG",False,,,,
1107128,2154,"ST,DC,ME,RG","ST,DC,ME,RG",False,,,,
1119723,2155,"TSP-SC,WE,WD,ME,RG","TSP-SC,WE,WD,ME,RG",False,,,,
1120053,2156,"BC,DC,ME,RG,TSP-UR","OBC,DC,ME,RG,TSP-UR",False,,,,
1103611,2157,"ST,WE,WD,RG","ST,WE,WD,RG",True,POST-19,ST,WD,Vertical
1101952,2158,"GE,HH,LV","GE,HH,LV",False,,,,
1110980,2159,"ST,WE,WD,RG","ST,WE,WD,RG",True,POST-30,ST,WD,Vertical
1105584,2160,"ST,WE,WD,RG","ST,WE,WD,RG",False,,,,
1104079,2161,"ST,WE,WD","ST,WE,WD",False,,,,
1113032,2162,"SC,DC,ME,RG","SC,DC,ME,RG",False,,,,
1113199,2163,"BC,LD,LV","OBC,LD,LV",False,,,,
1108937,2164,"ST,DC,RG","ST,DC,RG",False,,,,
1119678,2165,"TSP-ST,WE,WD","TSP-ST,WE,WD",False,,,,
1110522,2166,"SC,DC,ME","SC,DC,ME",False,,,,
